의안ID,의안번호,법률안명,소관위원회,제안일,본회의심의결과,대수,상세페이지,제안자,제안자목록링크,법사위처리일,법사위상정일,법사위회부일,소관위처리결과,소관위처리일,소관위상정일,소관위회부일,의결일,소관위원회ID,공동발의자,법사위처리결과,대표발의자
013541,141436,접경지역개발지원에관한특례법안,통일외무위원회,1996-02-05,임기만료폐기,14,http://likms.assembly.go.kr/bill/billDetail.do?billId=013541&ageFrom=14&ageTo=14,이한동의원등 6인 외 22인,http://likms.assembly.go.kr/bill/coactorListPopup.do?billId=013541,,,,,,,1996-02-09,1996-05-29,9700015,"김두섭,박명근,서정화,이용삼,정재철",,이한동
013537,141432,정부조직법중개정법률안,행정위원회,1996-01-16,폐기,14,http://likms.assembly.go.kr/bill/billDetail.do?billId=013537&ageFrom=14&ageTo=14,손세일의원등 5인 외 60인,http://likms.assembly.go.kr/bill/coactorListPopup.do?billId=013537,,,,폐기,1996-01-26,1996-01-26,1996-01-25,1996-01-27,9700007,"강철선,권노갑,김덕규,문희상",,손세일
013536,141431,정보공개법안,행정위원회,1996-01-09,임기만료폐기,14,http://likms.assembly.go.kr/bill/billDetail.do?billId=013536&ageFrom=14&ageTo=14,김덕규의원등 5인 외 60인,http://likms.assembly.go.kr/bill/coactorListPopup.do?billId=013536,,,,,,,1996-01-09,1996-05-29,9700007,"강철선,권노갑,문희상,손세일",,김덕규
013516,141412,휴·폐광산광해방지법안,통상산업위원회,1995-12-15,임기만료폐기,14,http://likms.assembly.go.kr/bill/billDetail.do?billId=013516&ageFrom=14&ageTo=14,박세직의원 외 19인,http://likms.assembly.go.kr/bill/coactorListPopup.do?billId=013516,,,,,,,1995-12-15,1996-05-29,9700031,,,박세직
013515,141411,후천성면역결핍증예방법중개정법률안,보건복지위원회,1995-12-13,원안가결,14,http://likms.assembly.go.kr/bill/billDetail.do?billId=013515&ageFrom=14&ageTo=14,주양자의원등 4인 외 17인,http://likms.assembly.go.kr/bill/coactorListPopup.do?billId=013515,1995-12-18,1995-12-18,1995-12-14,원안가결,1995-12-14,1995-12-14,1995-12-13,1995-12-18,9700041,"박상천,박상천,송두호",수정가결,주양자
013514,141410,남녀평등기본법안,행정위원회,1995-12-09,대안반영폐기,14,http://likms.assembly.go.kr/bill/billDetail.do?billId=013514&ageFrom=14&ageTo=14,손세일의원등 7인 외 58인,http://likms.assembly.go.kr/bill/coactorListPopup.do?billId=013514,,,,대안반영폐기,1995-12-19,1995-12-12,1995-12-09,1995-12-19,9700007,"강철선,권노갑,김덕규,문희상,이우정,조세형",,손세일
013513,141409,전력기술관리법안,통상산업위원회,1995-12-08,원안가결,14,http://likms.assembly.go.kr/bill/billDetail.do?billId=013513&ageFrom=14&ageTo=14,성무용의원등 2인 외 24인,http://likms.assembly.go.kr/bill/coactorListPopup.do?billId=013513,1995-12-18,1995-12-18,1995-12-14,원안가결,1995-12-14,1995-12-14,1995-12-09,1995-12-18,9700031,안동선,수정가결,성무용
013512,141408,헌정질서파괴범죄의공소시효등에관한특례법안,법제사법위원회,1995-12-07,임기만료폐기,14,http://likms.assembly.go.kr/bill/billDetail.do?billId=013512&ageFrom=14&ageTo=14,현경대의원등 5인 외 106인,http://likms.assembly.go.kr/bill/coactorListPopup.do?billId=013512,,,,,,,1995-12-07,1996-05-29,9700006,"강신옥,박헌기,변정일,정시채",,현경대
013511,141407,여성발전기본법안,행정위원회,1995-12-06,대안반영폐기,14,http://likms.assembly.go.kr/bill/billDetail.do?billId=013511&ageFrom=14&ageTo=14,주양자의원등 3인 외 20인,http://likms.assembly.go.kr/bill/coactorListPopup.do?billId=013511,,,,대안반영폐기,1995-12-19,1995-12-12,1995-12-07,1995-12-19,9700007,"강선영,정옥순",,주양자
013502,141389,"5·18사건및""92년대선자금수사를위한특별검사의임명에관한법률안",법제사법위원회,1995-12-01,임기만료폐기,14,http://likms.assembly.go.kr/bill/billDetail.do?billId=013502&ageFrom=14&ageTo=14,유수호의원등 2인 외 23인,http://likms.assembly.go.kr/bill/coactorListPopup.do?billId=013502,,,,,,,1995-12-02,1996-05-29,9700006,함석재,,유수호
013484,141379,영화진흥법안,문화체육공보위원회,1995-11-27,대안반영폐기,14,http://likms.assembly.go.kr/bill/billDetail.do?billId=013484&ageFrom=14&ageTo=14,정상용의원등 5인 외 26인,http://likms.assembly.go.kr/bill/coactorListPopup.do?billId=013484,,,,대안반영폐기,1995-12-07,1995-12-01,1995-11-27,1995-12-18,9700023,"국종남,박계동,조세형,채영석",,정상용
013483,141378,공직선거및선거부정방지법중개정법률안,내무위원회,1995-11-25,임기만료폐기,14,http://likms.assembly.go.kr/bill/billDetail.do?billId=013483&ageFrom=14&ageTo=14,황윤기의원 외 26인,http://likms.assembly.go.kr/bill/coactorListPopup.do?billId=013483,,,,,,,1995-11-25,1996-05-29,9700017,,,황윤기
013481,141377,자연환경보전법중개정법률안,환경노동위원회,1995-11-24,임기만료폐기,14,http://likms.assembly.go.kr/bill/billDetail.do?billId=013481&ageFrom=14&ageTo=14,정장현의원 외 81인,http://likms.assembly.go.kr/bill/coactorListPopup.do?billId=013481,,,,,,,1995-11-24,1996-05-29,9700038,,,정장현
013480,141375,선거관리위원회법중개정법률안,내무위원회,1995-11-24,원안가결,14,http://likms.assembly.go.kr/bill/billDetail.do?billId=013480&ageFrom=14&ageTo=14,정시채의원 외 22인,http://likms.assembly.go.kr/bill/coactorListPopup.do?billId=013480,1995-12-01,1995-12-01,1995-11-30,원안가결,1995-11-30,1995-11-30,1995-11-24,1995-12-02,9700017,,원안가결,정시채
013476,141373,방송법안,문화체육공보위원회,1995-11-23,임기만료폐기,14,http://likms.assembly.go.kr/bill/billDetail.do?billId=013476&ageFrom=14&ageTo=14,정상용의원등 7인 외 33인,http://likms.assembly.go.kr/bill/coactorListPopup.do?billId=013476,,,,,,,1995-11-23,1996-05-29,9700023,"국종남,김진영,박계동,배기선,조세형,채영석",,정상용
013478,141372,독립유공자예우에관한법률중개정법률안,보건복지위원회,1995-11-23,임기만료폐기,14,http://likms.assembly.go.kr/bill/billDetail.do?billId=013478&ageFrom=14&ageTo=14,김원웅의원 외 20인,http://likms.assembly.go.kr/bill/coactorListPopup.do?billId=013478,,,,,,,1995-11-23,1996-05-29,9700041,,,김원웅
013473,141369,해운법중개정법률안,건설교통위원회,1995-11-22,임기만료폐기,14,http://likms.assembly.go.kr/bill/billDetail.do?billId=013473&ageFrom=14&ageTo=14,한화갑의원등 9인 외 56인,http://likms.assembly.go.kr/bill/coactorListPopup.do?billId=013473,,,,,,,1995-11-22,1996-05-29,9700043,"김명규,김봉호,김영배,김옥천,신순범,오탄,이윤수,최재승",,한화갑
013475,141368,산림법중개정법률안,농림수산위원회,1995-11-22,원안가결,14,http://likms.assembly.go.kr/bill/billDetail.do?billId=013475&ageFrom=14&ageTo=14,정창현의원등 2인 외 43인,http://likms.assembly.go.kr/bill/coactorListPopup.do?billId=013475,1995-11-29,1995-11-29,1995-11-28,원안가결,1995-11-28,1995-11-28,1995-11-22,1995-12-01,9700028,조일현,원안가결,정창현
013470,141364,환경보전형농업육성및지원에관한법률안,농림수산위원회,1995-11-21,임기만료폐기,14,http://likms.assembly.go.kr/bill/billDetail.do?billId=013470&ageFrom=14&ageTo=14,이강두의원등 3인 외 49인,http://likms.assembly.go.kr/bill/coactorListPopup.do?billId=013470,,,,,,,1995-11-21,1996-05-29,9700028,"이길재,정창현",,이강두
013466,141363,폐기물관리법중개정법률안,환경노동위원회,1995-11-20,임기만료폐기,14,http://likms.assembly.go.kr/bill/billDetail.do?billId=013466&ageFrom=14&ageTo=14,김상현의원등 16인 외 11인,http://likms.assembly.go.kr/bill/coactorListPopup.do?billId=013466,,,,,,,1995-11-21,1996-05-29,9700038,"강철선,국종남,김동길,김말룡,김옥천,김장곤,박세직,박실,신기하,신순범,오탄,이종찬,장기욱,조순환,주양자",,김상현
013468,141362,환경정책기본법중개정법률안,환경노동위원회,1995-11-20,임기만료폐기,14,http://likms.assembly.go.kr/bill/billDetail.do?billId=013468&ageFrom=14&ageTo=14,김상현의원등 16인 외 11인,http://likms.assembly.go.kr/bill/coactorListPopup.do?billId=013468,,,,,,,1995-11-21,1996-05-29,9700038,"강철선,국종남,김동길,김말룡,김옥천,김장곤,박세직,박실,신기하,신순범,오탄,이종찬,장기욱,조순환,주양자",,김상현
013465,141361,환경영향평가법중개정법률안,환경노동위원회,1995-11-20,임기만료폐기,14,http://likms.assembly.go.kr/bill/billDetail.do?billId=013465&ageFrom=14&ageTo=14,김상현의원등 16인 외 11인,http://likms.assembly.go.kr/bill/coactorListPopup.do?billId=013465,,,,,,,1995-11-21,1996-05-29,9700038,"강철선,국종남,김동길,김말룡,김옥천,김장곤,박세직,박실,신기하,신순범,오탄,이종찬,장기욱,조순환,주양자",,김상현
013467,141360,지하수법중개정법률안,건설교통위원회,1995-11-20,임기만료폐기,14,http://likms.assembly.go.kr/bill/billDetail.do?billId=013467&ageFrom=14&ageTo=14,김상현의원등 16인 외 11인,http://likms.assembly.go.kr/bill/coactorListPopup.do?billId=013467,,,,,,,1995-11-21,1996-05-29,9700043,"강철선,국종남,김동길,김말룡,김옥천,김장곤,박세직,박실,신기하,신순범,오탄,이종찬,장기욱,조순환,주양자",,김상현
013464,141359,중소기업경영안정지원을위한특별조치법안,통상산업위원회,1995-11-20,대안반영폐기,14,http://likms.assembly.go.kr/bill/billDetail.do?billId=013464&ageFrom=14&ageTo=14,손세일의원등 7인 외 58인,http://likms.assembly.go.kr/bill/coactorListPopup.do?billId=013464,,,,대안반영폐기,1995-11-22,1995-11-21,1995-11-20,1995-11-30,9700031,"류인학,박광태,박정훈,신기하,안동선,조순승",,손세일
013463,141358,지방자치법중개정법률안,내무위원회,1995-11-18,임기만료폐기,14,http://likms.assembly.go.kr/bill/billDetail.do?billId=013463&ageFrom=14&ageTo=14,장석화의원등 6인 외 59인,http://likms.assembly.go.kr/bill/coactorListPopup.do?billId=013463,,,,,,,1995-11-18,1996-05-29,9700017,"김충조,박실,이원형,장영달,정균환",,장석화
013459,141356,고엽제후유의증환자진료등에관한법률중개정법률안,보건복지위원회,1995-11-16,대안반영폐기,14,http://likms.assembly.go.kr/bill/billDetail.do?billId=013459&ageFrom=14&ageTo=14,박상천의원등 4인 외 62인,http://likms.assembly.go.kr/bill/coactorListPopup.do?billId=013459,,,,대안반영폐기,1995-12-14,1995-11-20,1995-11-16,1995-12-18,9700041,"김상현,한광옥",,박상천
013456,141344,제4회강원동계아시아경기대회지원특별법안,국제경기대회지원특별위원회,1995-11-15,철회,14,http://likms.assembly.go.kr/bill/billDetail.do?billId=013456&ageFrom=14&ageTo=14,류종수의원 외 21인,http://likms.assembly.go.kr/bill/coactorListPopup.do?billId=013456,,,,,,,1995-11-15,1995-11-20,,,,류종수
013447,141343,한국전문대학교육협의회법안,교육위원회,1995-11-15,수정가결,14,http://likms.assembly.go.kr/bill/billDetail.do?billId=013447&ageFrom=14&ageTo=14,김호일의원등 2인 외 40인,http://likms.assembly.go.kr/bill/coactorListPopup.do?billId=013447,1995-11-29,1995-11-29,1995-11-28,수정가결,1995-11-27,1995-11-20,1995-11-15,1995-12-01,9700021,이영권,원안가결,김호일
013444,141339,교육법중개정법률안,교육위원회,1995-11-13,대안반영폐기,14,http://likms.assembly.go.kr/bill/billDetail.do?billId=013444&ageFrom=14&ageTo=14,김원웅의원등 3인 외 23인,http://likms.assembly.go.kr/bill/coactorListPopup.do?billId=013444,,,,대안반영폐기,1995-11-20,1995-11-15,1995-11-13,1995-12-01,9700021,"박석무,홍기훈",,김원웅
013443,141337,12·12군사반란및5·18내란사건처리특별법안,법제사법위원회,1995-11-13,임기만료폐기,14,http://likms.assembly.go.kr/bill/billDetail.do?billId=013443&ageFrom=14&ageTo=14,장기욱의원등 30인,http://likms.assembly.go.kr/bill/coactorListPopup.do?billId=013443,,,,,,,1995-11-13,1996-05-29,9700006,"강수림,강창성,강희찬,김말룡,김원기,김원웅,김종완,류인태,박계동,박석무,박일,신진욱,양문희,원혜영,이규택,이기택,이동근,이상두,이장희,이철,이철,장준익,정기호,제정구,최욱철,하근수,홍기훈,홍영기,황의성",,장기욱
013439,141335,소비자생활협동조합법안,재정경제위원회,1995-11-10,임기만료폐기,14,http://likms.assembly.go.kr/bill/billDetail.do?billId=013439&ageFrom=14&ageTo=14,박명환의원 외 20인,http://likms.assembly.go.kr/bill/coactorListPopup.do?billId=013439,,,,,,,1995-11-10,1996-05-29,9700009,,,박명환
013438,141334,학교급식법중개정법률안,교육위원회,1995-11-10,임기만료폐기,14,http://likms.assembly.go.kr/bill/billDetail.do?billId=013438&ageFrom=14&ageTo=14,홍기훈의원등 3인 외 23인,http://likms.assembly.go.kr/bill/coactorListPopup.do?billId=013438,,,,,,,1995-11-11,1996-05-29,9700021,"김원웅,박석무",,홍기훈
013440,141333,학교급식법중개정법률안,교육위원회,1995-11-10,임기만료폐기,14,http://likms.assembly.go.kr/bill/billDetail.do?billId=013440&ageFrom=14&ageTo=14,이영권의원등 2인 외 63인,http://likms.assembly.go.kr/bill/coactorListPopup.do?billId=013440,,,,,,,1995-11-11,1996-05-29,9700021,이협,,이영권
013437,141332,남녀고용평등법중개정법률안,환경노동위원회,1995-11-10,임기만료폐기,14,http://likms.assembly.go.kr/bill/billDetail.do?billId=013437&ageFrom=14&ageTo=14,이우정의원등 7인 외 32인,http://likms.assembly.go.kr/bill/coactorListPopup.do?billId=013437,,,,,,,1995-11-10,1996-05-29,9700038,"강부자,김말룡,김해석,박세직,신계륜,원혜영",,이우정
013432,141329,교육법중개정법률안,교육위원회,1995-11-09,대안반영폐기,14,http://likms.assembly.go.kr/bill/billDetail.do?billId=013432&ageFrom=14&ageTo=14,김윤환의원등 2인 외 162인,http://likms.assembly.go.kr/bill/coactorListPopup.do?billId=013432,,,,대안반영폐기,1995-11-20,1995-11-15,1995-11-10,1995-12-01,9700021,김인영,,김윤환
013431,141328,교육환경개선특별회계법안,교육위원회,1995-11-09,수정가결,14,http://likms.assembly.go.kr/bill/billDetail.do?billId=013431&ageFrom=14&ageTo=14,김인영의원 외 163인,http://likms.assembly.go.kr/bill/coactorListPopup.do?billId=013431,1995-11-29,1995-11-29,1995-11-21,수정가결,1995-11-20,1995-11-15,1995-11-10,1995-12-01,9700021,,수정가결,김인영
013433,141327,학교용지확보에관한특례법안,교육위원회,1995-11-09,수정가결,14,http://likms.assembly.go.kr/bill/billDetail.do?billId=013433&ageFrom=14&ageTo=14,김인영의원 외 163인,http://likms.assembly.go.kr/bill/coactorListPopup.do?billId=013433,1995-11-29,1995-11-29,1995-11-21,수정가결,1995-11-20,1995-11-15,1995-11-10,1995-12-01,9700021,,수정가결,김인영
013428,141323,도서개발촉진법중개정법률안,내무위원회,1995-11-09,원안가결,14,http://likms.assembly.go.kr/bill/billDetail.do?billId=013428&ageFrom=14&ageTo=14,양정규의원등 25인,http://likms.assembly.go.kr/bill/coactorListPopup.do?billId=013428,1995-12-18,1995-12-18,1995-12-13,원안가결,1995-12-13,1995-11-13,1995-11-10,1995-12-18,9700017,"강철선,김두섭,김명규,김봉호,김영진,김영진,김영진,김영진,김옥두,김옥천,김용환,김인곤,김형오,박광태,박상천,박상천,변정일,신순범,오탄,이학원,정균환,정상용,정순덕,한화갑",원안가결,양정규
013427,141322,지식산업육성에관한법률안,통상산업위원회,1995-11-08,임기만료폐기,14,http://likms.assembly.go.kr/bill/billDetail.do?billId=013427&ageFrom=14&ageTo=14,김종하의원등 5인 외 26인,http://likms.assembly.go.kr/bill/coactorListPopup.do?billId=013427,,,,,,,1995-11-09,1996-05-29,9700031,"김진영,이강두,이경재,이장희",,김종하
013426,141321,조세감면규제법중개정법률안,재정경제위원회,1995-11-08,임기만료폐기,14,http://likms.assembly.go.kr/bill/billDetail.do?billId=013426&ageFrom=14&ageTo=14,조부영의원 외 24인,http://likms.assembly.go.kr/bill/coactorListPopup.do?billId=013426,,,,,,,1995-11-09,1996-05-29,9700009,,,조부영
013422,141318,고엽제후유의증환자진료등에관한법률중개정법률안,보건복지위원회,1995-11-08,대안반영폐기,14,http://likms.assembly.go.kr/bill/billDetail.do?billId=013422&ageFrom=14&ageTo=14,박세직의원 외 21인,http://likms.assembly.go.kr/bill/coactorListPopup.do?billId=013422,,,,대안반영폐기,1995-12-14,1995-11-20,1995-11-09,1995-12-18,9700041,,,박세직
013390,141296,상훈법중개정법률안,행정위원회,1995-11-03,임기만료폐기,14,http://likms.assembly.go.kr/bill/billDetail.do?billId=013390&ageFrom=14&ageTo=14,신기하의원등 6인 외 59인,http://likms.assembly.go.kr/bill/coactorListPopup.do?billId=013390,,,,,,,1995-11-04,1996-05-29,9700007,"강철선,권노갑,김덕규,문희상,손세일",,신기하
013389,141295,삼청교육피해자의보상등에관한특별법안,국방위원회,1995-11-03,임기만료폐기,14,http://likms.assembly.go.kr/bill/billDetail.do?billId=013389&ageFrom=14&ageTo=14,이원형의원등 6인 외 61인,http://likms.assembly.go.kr/bill/coactorListPopup.do?billId=013389,,,,,,,1995-11-04,1996-05-29,9700019,"박상천,박상천,손세일,임복진,임복진",,이원형
013387,141283,기능대학법중개정법률안,환경노동위원회,1995-11-02,임기만료폐기,14,http://likms.assembly.go.kr/bill/billDetail.do?billId=013387&ageFrom=14&ageTo=14,원혜영의원 외 22인,http://likms.assembly.go.kr/bill/coactorListPopup.do?billId=013387,,,,,,,1995-11-03,1996-05-29,9700038,,,원혜영
013388,141282,소득세법중개정법률안,재정경제위원회,1995-11-02,임기만료폐기,14,http://likms.assembly.go.kr/bill/billDetail.do?billId=013388&ageFrom=14&ageTo=14,장재식의원등 8인 외 58인,http://likms.assembly.go.kr/bill/coactorListPopup.do?billId=013388,,,,,,,1995-11-03,1996-05-29,9700009,"김원길,류준상,박태영,이경재,이석현,이석현,최두환",,장재식
013386,141281,상훈법중개정법률안,행정위원회,1995-11-02,임기만료폐기,14,http://likms.assembly.go.kr/bill/billDetail.do?billId=013386&ageFrom=14&ageTo=14,장기욱의원등 8인 외 22인,http://likms.assembly.go.kr/bill/coactorListPopup.do?billId=013386,,,,,,,1995-11-02,1996-05-29,9700007,"강수림,김원웅,김종완,신진욱,이장희,정기호,홍기훈",,장기욱
013385,141280,전직대통령예우에관한법률중개정법률안,행정위원회,1995-11-02,폐기,14,http://likms.assembly.go.kr/bill/billDetail.do?billId=013385&ageFrom=14&ageTo=14,장기욱의원등 8인 외 22인,http://likms.assembly.go.kr/bill/coactorListPopup.do?billId=013385,,,,폐기,1995-11-28,1995-11-23,1995-11-02,1995-12-01,9700007,"강수림,김원웅,김종완,신진욱,이장희,정기호,홍기훈",,장기욱
013384,141279,농어업재해대책법중개정법률안,농림수산위원회,1995-11-01,임기만료폐기,14,http://likms.assembly.go.kr/bill/billDetail.do?billId=013384&ageFrom=14&ageTo=14,조일현의원 외 20인,http://likms.assembly.go.kr/bill/coactorListPopup.do?billId=013384,,,,,,,1995-11-02,1996-05-29,9700028,,,조일현
013383,141278,생활산업구조고도화촉진에관한임시조치법안,통상산업위원회,1995-10-31,임기만료폐기,14,http://likms.assembly.go.kr/bill/billDetail.do?billId=013383&ageFrom=14&ageTo=14,윤영탁의원 외 76인,http://likms.assembly.go.kr/bill/coactorListPopup.do?billId=013383,,,,,,,1995-11-01,1996-05-29,9700031,,,윤영탁
013382,141277,지방자치발전특별법안,지방자치특별위원회,1995-10-30,임기만료폐기,14,http://likms.assembly.go.kr/bill/billDetail.do?billId=013382&ageFrom=14&ageTo=14,정균환의원 외 29인,http://likms.assembly.go.kr/bill/coactorListPopup.do?billId=013382,,,,,,,1995-11-09,1996-05-29,,,,정균환
013381,141276,혼인에관한특례법안,법제사법위원회,1995-10-30,원안가결,14,http://likms.assembly.go.kr/bill/billDetail.do?billId=013381&ageFrom=14&ageTo=14,이우정의원등 8인 외 48인,http://likms.assembly.go.kr/bill/coactorListPopup.do?billId=013381,1995-11-16,1995-11-06,,원안가결,1995-11-16,1995-11-06,1995-10-30,1995-11-17,9700006,"강부자,강선영,김원웅,문희상,정옥순,주양자,현경자",원안가결,이우정
013380,141275,음반및비디오물에관한법률개정법률안,문화체육공보위원회,1995-10-28,수정가결,14,http://likms.assembly.go.kr/bill/billDetail.do?billId=013380&ageFrom=14&ageTo=14,박종웅의원 외 163인,http://likms.assembly.go.kr/bill/coactorListPopup.do?billId=013380,1995-11-16,1995-11-16,1995-11-14,수정가결,1995-11-14,1995-11-09,1995-10-30,1995-11-17,9700023,,수정가결,박종웅
013379,141274,전직대통령예우에관한법률폐지법률안,행정위원회,1995-10-27,폐기,14,http://likms.assembly.go.kr/bill/billDetail.do?billId=013379&ageFrom=14&ageTo=14,신기하의원등 5인 외 60인,http://likms.assembly.go.kr/bill/coactorListPopup.do?billId=013379,,,,폐기,1995-11-28,1995-11-23,1995-10-28,1995-12-01,9700007,"강철선,권노갑,김덕규,문희상",,신기하
013375,141273,국유철도의운영에관한특례법안,건설교통위원회,1995-10-26,수정가결,14,http://likms.assembly.go.kr/bill/billDetail.do?billId=013375&ageFrom=14&ageTo=14,정영훈의원등 8인 외 159인,http://likms.assembly.go.kr/bill/coactorListPopup.do?billId=013375,1995-11-14,1995-11-14,1995-11-06,수정가결,1995-11-06,1995-11-02,1995-10-26,1995-11-16,9700043,"김영진,김영진,김영진,김영진,김효영,윤영탁,이상재",수정가결,정영훈
013366,141266,지방세법중개정법률안,내무위원회,1995-10-23,임기만료폐기,14,http://likms.assembly.go.kr/bill/billDetail.do?billId=013366&ageFrom=14&ageTo=14,김종완의원등 3인 외 26인,http://likms.assembly.go.kr/bill/coactorListPopup.do?billId=013366,,,,,,,1995-10-24,1996-05-29,9700017,"신진욱,이장희",,김종완
013363,141265,국세와지방세의조정등에관한법률중개정법률안,재정경제위원회,1995-10-23,임기만료폐기,14,http://likms.assembly.go.kr/bill/billDetail.do?billId=013363&ageFrom=14&ageTo=14,제정구의원등 4인 외 26인,http://likms.assembly.go.kr/bill/coactorListPopup.do?billId=013363,,,,,,,1995-10-24,1996-05-29,9700009,"박일,이동근,홍기훈",,제정구
013370,141264,조세감면규제법중개정법률안,재정경제위원회,1995-10-23,임기만료폐기,14,http://likms.assembly.go.kr/bill/billDetail.do?billId=013370&ageFrom=14&ageTo=14,제정구의원등 4인 외 26인,http://likms.assembly.go.kr/bill/coactorListPopup.do?billId=013370,,,,,,,1995-10-24,1996-05-29,9700009,"박일,이동근,홍기훈",,제정구
013368,141263,주세법중개정법률안,재정경제위원회,1995-10-23,임기만료폐기,14,http://likms.assembly.go.kr/bill/billDetail.do?billId=013368&ageFrom=14&ageTo=14,제정구의원등 4인 외 26인,http://likms.assembly.go.kr/bill/coactorListPopup.do?billId=013368,,,,,,,1995-10-24,1996-05-29,9700009,"박일,이동근,홍기훈",,제정구
013371,141262,상속세법중개정법률안,재정경제위원회,1995-10-23,임기만료폐기,14,http://likms.assembly.go.kr/bill/billDetail.do?billId=013371&ageFrom=14&ageTo=14,제정구의원등 4인 외 26인,http://likms.assembly.go.kr/bill/coactorListPopup.do?billId=013371,,,,,,,1995-10-24,1996-05-29,9700009,"박일,이동근,홍기훈",,제정구
013367,141261,법인세법중개정법률안,재정경제위원회,1995-10-23,임기만료폐기,14,http://likms.assembly.go.kr/bill/billDetail.do?billId=013367&ageFrom=14&ageTo=14,제정구의원등 4인 외 26인,http://likms.assembly.go.kr/bill/coactorListPopup.do?billId=013367,,,,,,,1995-10-24,1996-05-29,9700009,"박일,이동근,홍기훈",,제정구
013365,141260,소득세법중개정법률안,재정경제위원회,1995-10-23,임기만료폐기,14,http://likms.assembly.go.kr/bill/billDetail.do?billId=013365&ageFrom=14&ageTo=14,제정구의원등 4인 외 26인,http://likms.assembly.go.kr/bill/coactorListPopup.do?billId=013365,,,,,,,1995-10-24,1996-05-29,9700009,"박일,이동근,홍기훈",,제정구
013364,141259,고엽제후유의증환자진료등에관한법률중개정법률안,보건복지위원회,1995-10-23,철회,14,http://likms.assembly.go.kr/bill/billDetail.do?billId=013364&ageFrom=14&ageTo=14,박세직의원 외 26인,http://likms.assembly.go.kr/bill/coactorListPopup.do?billId=013364,,,,,,,1995-10-24,1995-11-08,9700041,,,박세직
013369,141258,독립유공자예우에관한법률중개정법률안,보건복지위원회,1995-10-23,대안반영폐기,14,http://likms.assembly.go.kr/bill/billDetail.do?billId=013369&ageFrom=14&ageTo=14,이연석의원등 5인 외 20인,http://likms.assembly.go.kr/bill/coactorListPopup.do?billId=013369,,,,대안반영폐기,1995-12-14,1995-11-20,1995-10-24,1995-12-18,9700041,"김상현,김원웅,문창모,양문희",,이연석
013362,141257,정신보건법안,보건복지위원회,1995-10-20,대안반영폐기,14,http://likms.assembly.go.kr/bill/billDetail.do?billId=013362&ageFrom=14&ageTo=14,강수림의원등 3인 외 17인,http://likms.assembly.go.kr/bill/coactorListPopup.do?billId=013362,,,1995-11-23,대안반영폐기,1995-12-14,1995-11-13,1995-10-23,1995-12-18,9700041,"강창성,양문희",,강수림
013299,141194,공직선거및선거부정방지법중개정법률안,내무위원회,1995-10-14,임기만료폐기,14,http://likms.assembly.go.kr/bill/billDetail.do?billId=013299&ageFrom=14&ageTo=14,정재철의원 외 30인,http://likms.assembly.go.kr/bill/coactorListPopup.do?billId=013299,,,,,,,1995-10-14,1996-05-29,9700017,,,정재철
013289,141184,근로청소년의보호및복지에관한법률안,환경노동위원회,1995-10-05,임기만료폐기,14,http://likms.assembly.go.kr/bill/billDetail.do?billId=013289&ageFrom=14&ageTo=14,박명환의원 외 31인,http://likms.assembly.go.kr/bill/coactorListPopup.do?billId=013289,,,,,,,1995-10-05,1996-05-29,9700038,,,박명환
013268,141163,’97무주·전주동계유니버시아드대회지원특별법안,국제경기대회지원특별위원회,1995-09-25,철회,14,http://likms.assembly.go.kr/bill/billDetail.do?billId=013268&ageFrom=14&ageTo=14,김태식의원등 10인 외 55인,http://likms.assembly.go.kr/bill/coactorListPopup.do?billId=013268,,,,,,,1995-11-15,1995-11-22,,"강철선,오탄,이협,이희천,장영달,정균환,채영석,최락도,최재승",,김태식
013266,141162,헌법파괴범죄등의공소시효에관한법률안,법제사법위원회,1995-09-22,임기만료폐기,14,http://likms.assembly.go.kr/bill/billDetail.do?billId=013266&ageFrom=14&ageTo=14,박상천의원등 14인 외 53인,http://likms.assembly.go.kr/bill/coactorListPopup.do?billId=013266,,,,,,,1995-09-28,1996-05-29,9700006,"강철선,박광태,신기하,오탄,이길재,이원형,임복진,임복진,장석화,정상용,조순형,조홍규",,박상천
013267,141161,특별검사의임명등에관한법률안,법제사법위원회,1995-09-22,임기만료폐기,14,http://likms.assembly.go.kr/bill/billDetail.do?billId=013267&ageFrom=14&ageTo=14,조홍규의원등 14인 외 53인,http://likms.assembly.go.kr/bill/coactorListPopup.do?billId=013267,,,,,,,1995-09-28,1996-05-29,9700006,"강철선,박광태,박상천,박상천,신기하,오탄,이길재,이원형,임복진,임복진,장석화,정상용,조순형",,조홍규
013265,141160,5·18광주민주화운동의진상규명등에관한특별법안,법제사법위원회,1995-09-22,임기만료폐기,14,http://likms.assembly.go.kr/bill/billDetail.do?billId=013265&ageFrom=14&ageTo=14,조순형의원등 14인 외 53인,http://likms.assembly.go.kr/bill/coactorListPopup.do?billId=013265,,,,,,,1995-09-28,1996-05-29,9700006,"강철선,박광태,박상천,박상천,신기하,오탄,이길재,이원형,임복진,임복진,장석화,정상용,조홍규",,조순형
013264,141159,독립유공자예우에관한법률중개정법률안,보건복지위원회,1995-09-20,대안반영폐기,14,http://likms.assembly.go.kr/bill/billDetail.do?billId=013264&ageFrom=14&ageTo=14,주양자의원등 3인 외 18인,http://likms.assembly.go.kr/bill/coactorListPopup.do?billId=013264,,,,대안반영폐기,1995-12-14,1995-11-20,1995-09-20,1995-12-18,9700041,"김찬우,박주천",,주양자
013263,141158,국가유공자예우등에관한법률중개정법률안,보건복지위원회,1995-09-20,대안반영폐기,14,http://likms.assembly.go.kr/bill/billDetail.do?billId=013263&ageFrom=14&ageTo=14,주양자의원등 3인 외 18인,http://likms.assembly.go.kr/bill/coactorListPopup.do?billId=013263,,,,대안반영폐기,1995-11-28,1995-11-20,1995-09-20,1995-12-01,9700041,"김찬우,박주천",,주양자
013233,141128,자연공원법중개정법률안,내무위원회,1995-07-18,임기만료폐기,14,http://likms.assembly.go.kr/bill/billDetail.do?billId=013233&ageFrom=14&ageTo=14,김상현의원등 20인 외 17인,http://likms.assembly.go.kr/bill/coactorListPopup.do?billId=013233,,,,,,,1995-07-19,1996-05-29,9700017,"강삼재,강철선,국종남,김광수,김동길,김말룡,김옥천,김원웅,김장곤,박실,신기하,신순범,양문희,오탄,이종찬,장기욱,정주일,조순환,주양자",,김상현
013228,141123,지방교육자치에관한법률중개정법률안,교육위원회,1995-07-12,임기만료폐기,14,http://likms.assembly.go.kr/bill/billDetail.do?billId=013228&ageFrom=14&ageTo=14,박석무의원등 6인 외 90인,http://likms.assembly.go.kr/bill/coactorListPopup.do?billId=013228,,,,,,,1995-07-13,1996-05-29,9700021,"김병오,김원웅,이영권,이협,홍기훈",,박석무
013214,141106,도시재개발법중개정법률안,건설교통위원회,1995-07-10,대안반영폐기,14,http://likms.assembly.go.kr/bill/billDetail.do?billId=013214&ageFrom=14&ageTo=14,김중위의원등 6인 외 19인,http://likms.assembly.go.kr/bill/coactorListPopup.do?billId=013214,,,,대안반영폐기,1995-11-27,1995-11-23,1995-07-11,1995-12-01,9700043,"김호일,서정화,이명박,임채정,홍사덕",,김중위
013181,141078,지방자치법중개정법률안,내무위원회,1995-05-04,원안가결,14,http://likms.assembly.go.kr/bill/billDetail.do?billId=013181&ageFrom=14&ageTo=14,김범명의원등 10인 외 164인,http://likms.assembly.go.kr/bill/coactorListPopup.do?billId=013181,1995-07-15,1995-07-15,1995-07-14,원안가결,1995-07-14,1995-07-13,1995-05-06,1995-07-15,9700017,"권해옥,김영광,나오연,박명근,박희부,송천영,이영문,이영창,정순덕",원안가결,김범명
013178,141073,서울특별시행정특례에관한법률중개정법률안,내무위원회,1995-05-01,임기만료폐기,14,http://likms.assembly.go.kr/bill/billDetail.do?billId=013178&ageFrom=14&ageTo=14,조세형의원등 4인 외 95인,http://likms.assembly.go.kr/bill/coactorListPopup.do?billId=013178,,,,,,,1995-05-04,1996-05-29,9700017,"김병오,박실,정균환",,조세형
013176,141071,지방세법중개정법률안,내무위원회,1995-04-24,원안가결,14,http://likms.assembly.go.kr/bill/billDetail.do?billId=013176&ageFrom=14&ageTo=14,황윤기의원등 20인 외 10인,http://likms.assembly.go.kr/bill/coactorListPopup.do?billId=013176,1995-07-15,1995-07-15,,원안가결,1995-07-14,1995-07-13,1995-04-24,1995-07-15,9700017,"권해옥,김기배,김기배,김길홍,김상구,김영광,김형오,남평우,박준병,박희부,반형식,변정일,송천영,이성호,이영창,정순덕,정시채,차수명,최운지",원안가결,황윤기
013171,141067,지방양여금법중개정법률안,내무위원회,1995-04-10,임기만료폐기,14,http://likms.assembly.go.kr/bill/billDetail.do?billId=013171&ageFrom=14&ageTo=14,김광수의원등 18인 외 2인,http://likms.assembly.go.kr/bill/coactorListPopup.do?billId=013171,,,,,,,1995-04-13,1996-05-29,9700017,"강철선,국종남,김동길,김말룡,김상현,김옥천,김원웅,김장곤,박실,박찬종,신기하,신순범,양문희,오탄,이종찬,장기욱,조순환",,김광수
013172,141066,광역상수원보호지역지원에관한법률안,환경노동위원회,1995-04-10,임기만료폐기,14,http://likms.assembly.go.kr/bill/billDetail.do?billId=013172&ageFrom=14&ageTo=14,김광수의원등 18인 외 2인,http://likms.assembly.go.kr/bill/coactorListPopup.do?billId=013172,,,,,,,1995-04-13,1996-05-29,9700038,"강철선,국종남,김동길,김말룡,김상현,김옥천,김원웅,김장곤,박실,박찬종,신기하,신순범,양문희,오탄,이종찬,장기욱,조순환",,김광수
013170,141065,오수·분뇨및축산폐수의처리에관한법률중개정법률안,환경노동위원회,1995-04-10,임기만료폐기,14,http://likms.assembly.go.kr/bill/billDetail.do?billId=013170&ageFrom=14&ageTo=14,김광수의원등 20인 외 3인,http://likms.assembly.go.kr/bill/coactorListPopup.do?billId=013170,,,,,,,1995-04-13,1996-05-29,9700038,"강철선,국종남,김동길,김말룡,김상현,김옥천,김원웅,김장곤,박실,박찬종,신기하,신순범,양문희,오탄,이종찬,장기욱,정주일,조순환,주양자",,김광수
013169,141064,정화조법안,환경노동위원회,1995-04-10,임기만료폐기,14,http://likms.assembly.go.kr/bill/billDetail.do?billId=013169&ageFrom=14&ageTo=14,주양자의원등 20인 외 3인,http://likms.assembly.go.kr/bill/coactorListPopup.do?billId=013169,,,,,,,1995-04-13,1996-05-29,9700038,"강철선,국종남,김광수,김동길,김말룡,김상현,김옥천,김원웅,김장곤,박실,박찬종,신기하,신순범,양문희,오탄,이종찬,장기욱,정주일,조순환",,주양자
013156,141051,공직선거및선거부정방지법중개정법률안,내무위원회,1995-03-03,대안반영폐기,14,http://likms.assembly.go.kr/bill/billDetail.do?billId=013156&ageFrom=14&ageTo=14,황윤기의원등 2인 외 21인,http://likms.assembly.go.kr/bill/coactorListPopup.do?billId=013156,,,,대안반영폐기,1995-03-15,1995-03-15,1995-03-04,1995-03-15,9700017,송천영,,황윤기
013155,141049,부동산명의신탁규제에관한법률안,법제사법위원회,1995-03-03,대안반영폐기,14,http://likms.assembly.go.kr/bill/billDetail.do?billId=013155&ageFrom=14&ageTo=14,조홍규의원등 8인 외 91인,http://likms.assembly.go.kr/bill/coactorListPopup.do?billId=013155,,,,대안반영폐기,1995-03-17,1995-03-15,1995-03-04,1995-03-18,9700006,"김병오,김원길,김원웅,장기욱,장석화,정기호,조순형",,조홍규
013148,141048,영유아보육법중개정법률안,보건복지위원회,1995-03-02,임기만료폐기,14,http://likms.assembly.go.kr/bill/billDetail.do?billId=013148&ageFrom=14&ageTo=14,김원웅의원 외 98인,http://likms.assembly.go.kr/bill/coactorListPopup.do?billId=013148,,,,,,,1995-03-03,1996-05-29,9700041,,,김원웅
013147,141047,풍수해대책법중개정법률안,내무위원회,1995-03-02,임기만료폐기,14,http://likms.assembly.go.kr/bill/billDetail.do?billId=013147&ageFrom=14&ageTo=14,김영진의원등 20인 외 82인,http://likms.assembly.go.kr/bill/coactorListPopup.do?billId=013147,,,,,,,1995-03-03,1996-05-29,9700017,"김병오,김옥두,김인곤,김장곤,김종완,김충조,김태식,박실,신진욱,이규택,이길재,이장희,이희천,장영달,정균환,최욱철",,김영진
013153,141046,불량주거지개선에관한법률안,건설교통위원회,1995-03-02,대안반영폐기,14,http://likms.assembly.go.kr/bill/billDetail.do?billId=013153&ageFrom=14&ageTo=14,제정구의원등 7인 외 92인,http://likms.assembly.go.kr/bill/coactorListPopup.do?billId=013153,,,,대안반영폐기,1995-11-27,1995-11-23,1995-03-03,1995-12-01,9700043,"김봉호,김옥천,오탄,이원형,최재승,하근수",,제정구
013150,141045,산업입지및개발에관한법률중개정법률안,건설교통위원회,1995-03-02,철회,14,http://likms.assembly.go.kr/bill/billDetail.do?billId=013150&ageFrom=14&ageTo=14,제정구의원등 7인 외 92인,http://likms.assembly.go.kr/bill/coactorListPopup.do?billId=013150,,,,,,,1995-03-03,1995-11-16,9700043,"김봉호,김옥천,오탄,이원형,최재승,하근수",,제정구
013152,141044,내부고발자보호등에관한특별법안,법제사법위원회,1995-03-02,임기만료폐기,14,http://likms.assembly.go.kr/bill/billDetail.do?billId=013152&ageFrom=14&ageTo=14,장기욱의원등 12인 외 87인,http://likms.assembly.go.kr/bill/coactorListPopup.do?billId=013152,,,,,,,1995-03-03,1996-05-29,9700006,"강철선,권노갑,김덕규,김병오,김원웅,류준상,문희상,장석화,정기호,조순형,조홍규",,장기욱
013149,141043,고엽제후유의증환자진료등에관한법률중개정법률안,보건복지위원회,1995-03-02,철회,14,http://likms.assembly.go.kr/bill/billDetail.do?billId=013149&ageFrom=14&ageTo=14,박세직의원 외 63인,http://likms.assembly.go.kr/bill/coactorListPopup.do?billId=013149,,,,,,,1995-03-03,1995-10-23,9700041,,,박세직
013140,141035,한국은행법중개정법률안,재정경제위원회,1995-02-23,임기만료폐기,14,http://likms.assembly.go.kr/bill/billDetail.do?billId=013140&ageFrom=14&ageTo=14,김원길의원등 14인 외 85인,http://likms.assembly.go.kr/bill/coactorListPopup.do?billId=013140,,,,,,,1995-02-24,1996-05-29,9700009,"김병오,류준상,박은태,박일,박정훈,박태영,이경재,이동근,이철,이철,장재식,최두환,홍영기",,김원길
013090,140989,한국은행법중개정법률안,재정경제위원회,1994-12-10,철회,14,http://likms.assembly.go.kr/bill/billDetail.do?billId=013090&ageFrom=14&ageTo=14,김원길의원등 14인 외 85인,http://likms.assembly.go.kr/bill/coactorListPopup.do?billId=013090,,,,철회,,,1994-12-10,1995-02-23,9700009,"김병오,류준상,박은태,박일,박정훈,박태영,이경재,이동근,이철,이철,장재식,최두환,홍영기",,김원길
013092,140988,건설기술관리법중개정법률안,건설교통위원회,1994-12-10,임기만료폐기,14,http://likms.assembly.go.kr/bill/billDetail.do?billId=013092&ageFrom=14&ageTo=14,제정구의원등 21인 외 78인,http://likms.assembly.go.kr/bill/coactorListPopup.do?billId=013092,,,,,,,1994-12-10,1996-05-29,9700043,"강수림,강철선,김덕규,김병오,김봉호,김옥천,박상천,박상천,박실,신기하,오탄,이원형,장석화,정기호,조세형,조순형,조홍규,최재승,하근수,홍영기",,제정구
013093,140987,주택건설촉진법중개정법률안,건설교통위원회,1994-12-10,임기만료폐기,14,http://likms.assembly.go.kr/bill/billDetail.do?billId=013093&ageFrom=14&ageTo=14,제정구의원등 21인 외 78인,http://likms.assembly.go.kr/bill/coactorListPopup.do?billId=013093,,,,,,,1994-12-10,1996-05-29,9700043,"강수림,강철선,김덕규,김병오,김봉호,김옥천,박상천,박상천,박실,신기하,오탄,이원형,장석화,정기호,조세형,조순형,조홍규,최재승,하근수,홍영기",,제정구
013094,140986,건설업법중개정법률안,건설교통위원회,1994-12-10,임기만료폐기,14,http://likms.assembly.go.kr/bill/billDetail.do?billId=013094&ageFrom=14&ageTo=14,제정구의원등 21인 외 78인,http://likms.assembly.go.kr/bill/coactorListPopup.do?billId=013094,,,,,,,1994-12-10,1996-05-29,9700043,"강수림,강철선,김덕규,김병오,김봉호,김옥천,박상천,박상천,박실,신기하,오탄,이원형,장석화,정기호,조세형,조순형,조홍규,최재승,하근수,홍영기",,제정구
013089,140985,건축사법중개정법률안,건설교통위원회,1994-12-10,임기만료폐기,14,http://likms.assembly.go.kr/bill/billDetail.do?billId=013089&ageFrom=14&ageTo=14,제정구의원등 21인 외 78인,http://likms.assembly.go.kr/bill/coactorListPopup.do?billId=013089,,,,,,,1994-12-10,1996-05-29,9700043,"강수림,강철선,김덕규,김병오,김봉호,김옥천,박상천,박상천,박실,신기하,오탄,이원형,장석화,정기호,조세형,조순형,조홍규,최재승,하근수,홍영기",,제정구
013091,140984,건축법중개정법률안,건설교통위원회,1994-12-10,임기만료폐기,14,http://likms.assembly.go.kr/bill/billDetail.do?billId=013091&ageFrom=14&ageTo=14,제정구의원등 21인 외 78인,http://likms.assembly.go.kr/bill/coactorListPopup.do?billId=013091,,,,,,,1994-12-10,1996-05-29,9700043,"강수림,강철선,김덕규,김병오,김봉호,김옥천,박상천,박상천,박실,신기하,오탄,이원형,장석화,정기호,조세형,조순형,조홍규,최재승,하근수,홍영기",,제정구
013087,140983,문화재보호법중개정법률안,문화체육공보위원회,1994-12-08,수정가결,14,http://likms.assembly.go.kr/bill/billDetail.do?billId=013087&ageFrom=14&ageTo=14,황윤기의원등 7인 외 22인,http://likms.assembly.go.kr/bill/coactorListPopup.do?billId=013087,1994-12-16,1994-12-16,1994-12-14,수정가결,1994-12-13,1994-12-13,1994-12-08,1994-12-16,9700023,"김영일,박종웅,신경식,이상재,조부영,최재욱",원안가결,황윤기
013085,140981,세계무역기구협정의이행에관한특별법안,외무통일위원회,1994-12-07,수정가결,14,http://likms.assembly.go.kr/bill/billDetail.do?billId=013085&ageFrom=14&ageTo=14,홍영기의원등 18인 외 83인,http://likms.assembly.go.kr/bill/coactorListPopup.do?billId=013085,1994-12-16,1994-12-16,1994-12-15,수정가결,1994-12-15,1994-12-09,1994-12-07,1994-12-16,9700016,"김병오,김영진,김영진,김영진,김영진,김장곤,김태식,남궁진,류인학,박상천,박상천,이규택,이길재,이우정,이희천,임채정,최욱철",수정가결,홍영기
013086,140980,자금세정규제에관한법률안,재정경제위원회,1994-12-07,임기만료폐기,14,http://likms.assembly.go.kr/bill/billDetail.do?billId=013086&ageFrom=14&ageTo=14,이철의원등 14인 외 85인,http://likms.assembly.go.kr/bill/coactorListPopup.do?billId=013086,,,,,,,1994-12-07,1996-05-29,9700009,"김병오,김원길,박은태,박일,박정훈,박태영,이경재,이동근,장재식,최두환,한화갑,홍영기",,이철
013081,140976,정기간행물의등록등에관한법률중개정법률안,문화체육공보위원회,1994-12-03,대안반영폐기,14,http://likms.assembly.go.kr/bill/billDetail.do?billId=013081&ageFrom=14&ageTo=14,박계동의원등 7인 외 91인,http://likms.assembly.go.kr/bill/coactorListPopup.do?billId=013081,,,,대안반영폐기,1995-12-07,1994-12-13,1994-12-06,1995-12-18,9700023,"국종남,김병오,박지원,정상용,조세형,채영석",,박계동
013068,140973,독점규제및공정거래에관한법률중개정법률안,행정위원회,1994-12-01,임기만료폐기,14,http://likms.assembly.go.kr/bill/billDetail.do?billId=013068&ageFrom=14&ageTo=14,김덕규의원등 7인 외 92인,http://likms.assembly.go.kr/bill/coactorListPopup.do?billId=013068,,,,,,,1994-12-01,1996-05-29,9700007,"강철선,권노갑,류준상,문희상,박상천,박상천",,김덕규
013069,140972,지방자치법중개정법률안,내무위원회,1994-12-01,임기만료폐기,14,http://likms.assembly.go.kr/bill/billDetail.do?billId=013069&ageFrom=14&ageTo=14,조세형의원등 13인 외 86인,http://likms.assembly.go.kr/bill/coactorListPopup.do?billId=013069,,,,,,,1994-12-01,1996-05-29,9700017,"김병오,김옥두,김종완,김충조,박상천,박상천,박실,신진욱,이장희,이협,장영달,정균환",,조세형
013077,140971,시설물의안전관리에관한특별법안,건설위원회,1994-12-01,수정가결,14,http://likms.assembly.go.kr/bill/billDetail.do?billId=013077&ageFrom=14&ageTo=14,이상재의원등 16인 외 14인,http://likms.assembly.go.kr/bill/coactorListPopup.do?billId=013077,1994-12-15,1994-12-15,1994-12-14,수정가결,1994-12-13,1994-12-08,1994-12-01,1994-12-16,9700044,"김효영,손학규,손학규,송영진,송천영,안찬희,유성환,윤영탁,이긍규,이상득,이성호,이해구,정상천,조진형,하순봉",수정가결,이상재
013076,140970,제주도개발특별법중개정법률안,건설위원회,1994-12-01,수정가결,14,http://likms.assembly.go.kr/bill/billDetail.do?billId=013076&ageFrom=14&ageTo=14,양정규의원등 7인 외 120인,http://likms.assembly.go.kr/bill/coactorListPopup.do?billId=013076,1994-12-16,1994-12-16,1994-12-14,수정가결,1994-12-13,1994-12-08,1994-12-01,1994-12-16,9700044,"강창희,변정일,정기호,조진형,한영수,현경대",원안가결,양정규
013075,140969,기업활동규제완화에관한특별조치법개정법률안,상공자원위원회,1994-12-01,수정가결,14,http://likms.assembly.go.kr/bill/billDetail.do?billId=013075&ageFrom=14&ageTo=14,박우병의원등 14인 외 10인,http://likms.assembly.go.kr/bill/coactorListPopup.do?billId=013075,1994-12-15,1994-12-14,1994-12-13,수정가결,1994-12-13,1994-12-07,1994-12-01,1994-12-15,9700034,"금진호,김종하,김채겸,노인환,류승규,박제상,성무용,이상득,이웅희,이재환,이택석,허삼수,허화평",수정가결,박우병
013067,140968,산업재해보상보험법개정법률안,환경노동위원회,1994-12-01,임기만료폐기,14,http://likms.assembly.go.kr/bill/billDetail.do?billId=013067&ageFrom=14&ageTo=14,김말룡의원 외 97인,http://likms.assembly.go.kr/bill/coactorListPopup.do?billId=013067,,,,,,,1994-12-01,1996-05-29,9700038,,,김말룡
013073,140967,사회보장기본법안,보건복지위원회,1994-12-01,대안반영폐기,14,http://likms.assembly.go.kr/bill/billDetail.do?billId=013073&ageFrom=14&ageTo=14,강수림의원등 5인 외 93인,http://likms.assembly.go.kr/bill/coactorListPopup.do?billId=013073,,,,대안반영폐기,1995-12-14,1995-03-16,1994-12-01,1995-12-18,9700041,"강희찬,박상천,양문희,한광옥",,강수림
013070,140966,예산회계법중개정법률안,재정경제위원회,1994-12-01,임기만료폐기,14,http://likms.assembly.go.kr/bill/billDetail.do?billId=013070&ageFrom=14&ageTo=14,김덕규의원등 5인 외 93인,http://likms.assembly.go.kr/bill/coactorListPopup.do?billId=013070,,,,,,,1994-12-01,1996-05-29,9700009,"강철선,권노갑,류준상,문희상",,김덕규
013063,140965,정부조직법중개정법률안,행정경제위원회,1994-12-01,폐기,14,http://likms.assembly.go.kr/bill/billDetail.do?billId=013063&ageFrom=14&ageTo=14,김덕규의원등 7인 외 91인,http://likms.assembly.go.kr/bill/coactorListPopup.do?billId=013063,,,,폐기,1994-12-22,1994-12-09,1994-12-01,1994-12-23,9700182,"강철선,권노갑,류준상,문희상,박상천,박상천",,김덕규
013074,140964,자원봉사활동기본법안,내무위원회,1994-12-01,임기만료폐기,14,http://likms.assembly.go.kr/bill/billDetail.do?billId=013074&ageFrom=14&ageTo=14,박상천의원등 9인 외 90인,http://likms.assembly.go.kr/bill/coactorListPopup.do?billId=013074,,,,,,,1994-12-01,1996-05-29,9700017,"김옥두,김충조,양문희,이장희,이협,정균환,한광옥",,박상천
013066,140963,민간운동지원에관한법률안,재정경제위원회,1994-12-01,임기만료폐기,14,http://likms.assembly.go.kr/bill/billDetail.do?billId=013066&ageFrom=14&ageTo=14,박상천의원등 12인 외 87인,http://likms.assembly.go.kr/bill/coactorListPopup.do?billId=013066,,,,,,,1994-12-01,1996-05-29,9700009,"김병오,김옥두,김종완,김충조,박실,신진욱,이장희,이협,장영달,정균환",,박상천
013065,140962,경찰법개정법률안,내무위원회,1994-12-01,임기만료폐기,14,http://likms.assembly.go.kr/bill/billDetail.do?billId=013065&ageFrom=14&ageTo=14,정균환의원등 10인 외 88인,http://likms.assembly.go.kr/bill/coactorListPopup.do?billId=013065,,,,,,,1994-12-01,1996-05-29,9700017,"김병오,김옥두,김종완,김충조,박실,신진욱,이장희,이협,장영달",,정균환
013072,140961,지방양여금법중개정법률안,내무위원회,1994-12-01,임기만료폐기,14,http://likms.assembly.go.kr/bill/billDetail.do?billId=013072&ageFrom=14&ageTo=14,정균환의원등 11인 외 87인,http://likms.assembly.go.kr/bill/coactorListPopup.do?billId=013072,,,,,,,1994-12-01,1996-05-29,9700017,"김병오,김옥두,김종완,김충조,박실,신진욱,이장희,이협,장영달,조세형",,정균환
013071,140960,지방교부세법중개정법률안,내무위원회,1994-12-01,임기만료폐기,14,http://likms.assembly.go.kr/bill/billDetail.do?billId=013071&ageFrom=14&ageTo=14,박실의원등 10인 외 88인,http://likms.assembly.go.kr/bill/coactorListPopup.do?billId=013071,,,,,,,1994-12-01,1996-05-29,9700017,"김병오,김옥두,김종완,김충조,신진욱,이장희,이협,장영달,정균환",,박실
013064,140959,지방세법중개정법률안,내무위원회,1994-12-01,임기만료폐기,14,http://likms.assembly.go.kr/bill/billDetail.do?billId=013064&ageFrom=14&ageTo=14,정균환의원등 11인 외 87인,http://likms.assembly.go.kr/bill/coactorListPopup.do?billId=013064,,,,,,,1994-12-01,1996-05-29,9700017,"김병오,김옥두,김종완,김충조,박실,신진욱,이장희,이협,장영달,조세형",,정균환
013061,140958,행형법중개정법률안,법제사법위원회,1994-12-01,대안반영폐기,14,http://likms.assembly.go.kr/bill/billDetail.do?billId=013061&ageFrom=14&ageTo=14,조홍규의원등 6인 외 92인,http://likms.assembly.go.kr/bill/coactorListPopup.do?billId=013061,,,,대안반영폐기,1994-12-22,1994-12-13,1994-12-01,1994-12-23,9700006,"김병오,장기욱,장석화,정기호,조순형",,조홍규
013062,140957,감사원법중개정법률안,법제사법위원회,1994-12-01,대안반영폐기,14,http://likms.assembly.go.kr/bill/billDetail.do?billId=013062&ageFrom=14&ageTo=14,조홍규의원등 6인 외 92인,http://likms.assembly.go.kr/bill/coactorListPopup.do?billId=013062,,,,대안반영폐기,1994-12-22,1994-12-13,1994-12-01,1994-12-23,9700006,"김병오,장기욱,장석화,정기호,조순형",,조홍규
013078,140956,형사보상법중개정법률안,법제사법위원회,1994-12-01,수정가결,14,http://likms.assembly.go.kr/bill/billDetail.do?billId=013078&ageFrom=14&ageTo=14,조홍규의원등 6인 외 92인,http://likms.assembly.go.kr/bill/coactorListPopup.do?billId=013078,1994-12-14,1994-12-13,,수정가결,1994-12-14,1994-12-13,1994-12-01,1994-12-17,9700006,"김병오,장기욱,장석화,정기호,조순형",수정가결,조홍규
013053,140950,남녀고용평등법중개정법률안,환경노동위원회,1994-11-28,수정가결,14,http://likms.assembly.go.kr/bill/billDetail.do?billId=013053&ageFrom=14&ageTo=14,주양자의원등 3인 외 24인,http://likms.assembly.go.kr/bill/coactorListPopup.do?billId=013053,1995-07-14,1995-07-14,1995-07-13,수정가결,1995-07-13,1994-12-08,1994-11-29,1995-07-15,9700038,"정옥순,최상용",수정가결,주양자
013050,140945,농지법안,농림수산위원회,1994-11-25,임기만료폐기,14,http://likms.assembly.go.kr/bill/billDetail.do?billId=013050&ageFrom=14&ageTo=14,김종호의원등 58인,http://likms.assembly.go.kr/bill/coactorListPopup.do?billId=013050,,,,,,,1994-11-25,1996-05-29,9700028,"강신조,구자춘,권해옥,금진호,김기도,김길홍,김동권,김두섭,김범명,김상구,김영광,김영일,김윤환,김찬우,김채겸,나오연,노인도,노인환,류돈우,민태구,박경수,박명근,박우병,박정수,박준병,박헌기,박희부,박희태,반형식,배명국,송광호,신상식,신재기,안찬희,양정규,양창식,오장섭,이강두,이긍규,이민섭,이상재,이성호,이승무,이영문,이용삼,이웅희,이해구,이환의,임사빈,장영철,정영훈,정재철,정필근,조부영,최돈웅,황명수,황윤기",,김종호
013039,140934,공유토지분할에관한특례법안,내무위원회,1994-11-21,원안가결,14,http://likms.assembly.go.kr/bill/billDetail.do?billId=013039&ageFrom=14&ageTo=14,서정화의원등 29인,http://likms.assembly.go.kr/bill/coactorListPopup.do?billId=013039,1994-12-17,1994-12-16,1994-12-13,원안가결,1994-12-13,1994-11-29,1994-11-25,1994-12-17,9700017,"강우혁,김영구,김용태,김정수,김중위,김진재,김해석,김형오,남재두,남평우,류흥수,박명근,박범진,박정수,박종웅,박주천,백남치,송두호,심정구,이성호,이승윤,정시채,정창현,조영장,조진형,최재욱,하순봉,황윤기",수정가결,서정화
013037,140933,민간운동지원에관한법률안,재정경제위원회,1994-11-21,임기만료폐기,14,http://likms.assembly.go.kr/bill/billDetail.do?billId=013037&ageFrom=14&ageTo=14,이영창의원등 23인,http://likms.assembly.go.kr/bill/coactorListPopup.do?billId=013037,,,,,,,1994-11-25,1996-05-29,9700009,"권해옥,김기배,김길홍,김상구,김영광,김영일,남평우,류종수,박제상,박준병,박희부,반형식,백남치,서정화,이재환,임사빈,정순덕,정시채,차수명,최운지,함석재,황윤기",,이영창
013036,140932,공익자원봉사진흥법안,내무위원회,1994-11-21,임기만료폐기,14,http://likms.assembly.go.kr/bill/billDetail.do?billId=013036&ageFrom=14&ageTo=14,남평우의원등 24인,http://likms.assembly.go.kr/bill/coactorListPopup.do?billId=013036,,,,,,,1994-11-25,1996-05-29,9700017,"권해옥,김기배,김길홍,김상구,김영광,김영일,김중위,류종수,박제상,박준병,박희부,반형식,백남치,서정화,이영창,이재환,임사빈,정순덕,정시채,차수명,최운지,함석재,황윤기",,남평우
013038,140931,지방자치법중개정법률안,내무위원회,1994-11-21,대안반영폐기,14,http://likms.assembly.go.kr/bill/billDetail.do?billId=013038&ageFrom=14&ageTo=14,황윤기의원등 30인,http://likms.assembly.go.kr/bill/coactorListPopup.do?billId=013038,,,,대안반영폐기,1994-12-01,1994-11-29,1994-11-25,1994-12-02,9700017,"강우혁,강인섭,권해옥,김기배,김기수,김길홍,김상구,김영광,김영진,김윤환,김해석,남평우,류종수,문정수,박제상,박종웅,박준병,박헌기,박희부,반형식,백남치,서정화,양창식,이영창,임사빈,정순덕,정시채,조진형,함석재",,황윤기
013033,140930,행정서사법개정법률안,내무위원회,1994-11-17,수정가결,14,http://likms.assembly.go.kr/bill/billDetail.do?billId=013033&ageFrom=14&ageTo=14,서정화의원등 22인 외 7인,http://likms.assembly.go.kr/bill/coactorListPopup.do?billId=013033,1994-12-16,1994-12-16,1994-12-13,수정가결,1994-12-14,1994-11-29,1994-11-25,1994-12-16,9700017,"강재섭,강재섭,김기배,김기배,김길홍,김상구,김영광,김영일,김윤환,남평우,류종수,박명환,박준병,박희부,박희태,반형식,오장섭,이인제,조진형,황윤기",수정가결,서정화
013034,140929,유실물법중개정법률안,내무위원회,1994-11-17,원안가결,14,http://likms.assembly.go.kr/bill/billDetail.do?billId=013034&ageFrom=14&ageTo=14,서정화의원등 19인 외 7인,http://likms.assembly.go.kr/bill/coactorListPopup.do?billId=013034,1994-12-17,1994-12-16,1994-12-13,원안가결,1994-12-13,1994-11-29,1994-11-25,1994-12-17,9700017,"강재섭,김기배,김길홍,김상구,김영광,김영일,김윤환,남평우,류종수,박명환,박준병,박희부,박희태,반형식,오장섭,이인제,조진형,황윤기",수정가결,서정화
013032,140928,문화예술진흥법개정법률안,문화체육공보위원회,1994-11-17,수정가결,14,http://likms.assembly.go.kr/bill/billDetail.do?billId=013032&ageFrom=14&ageTo=14,강용식의원 외 24인,http://likms.assembly.go.kr/bill/coactorListPopup.do?billId=013032,1994-12-16,1994-12-16,1994-12-14,수정가결,1994-12-13,1994-12-13,1994-11-25,1994-12-16,9700023,,수정가결,강용식
013035,140927,정기간행물의등록등에관한법률중개정법률안,문화체육공보위원회,1994-11-17,대안반영폐기,14,http://likms.assembly.go.kr/bill/billDetail.do?billId=013035&ageFrom=14&ageTo=14,강인섭의원 외 24인,http://likms.assembly.go.kr/bill/coactorListPopup.do?billId=013035,,,,대안반영폐기,1995-12-07,1994-12-13,1994-11-25,1995-12-18,9700023,,,강인섭
013014,140905,국가를당사자로하는소송에관한법률중개정법률안,법제사법위원회,1994-11-09,원안가결,14,http://likms.assembly.go.kr/bill/billDetail.do?billId=013014&ageFrom=14&ageTo=14,백남치의원등 4인 외 24인,http://likms.assembly.go.kr/bill/coactorListPopup.do?billId=013014,1994-12-14,1994-12-13,,원안가결,1994-12-14,1994-12-13,1994-11-25,1994-12-17,9700006,"이인제,함석재,현경대",원안가결,백남치
013009,140904,법률구조법중개정법률안,법제사법위원회,1994-11-09,수정가결,14,http://likms.assembly.go.kr/bill/billDetail.do?billId=013009&ageFrom=14&ageTo=14,백남치의원등 4인 외 24인,http://likms.assembly.go.kr/bill/coactorListPopup.do?billId=013009,1994-12-14,1994-12-13,,수정가결,1994-12-14,1994-12-13,1994-11-25,1994-12-17,9700006,"이인제,함석재,현경대",수정가결,백남치
013011,140903,공익법무관에관한법률안,법제사법위원회,1994-11-09,수정가결,14,http://likms.assembly.go.kr/bill/billDetail.do?billId=013011&ageFrom=14&ageTo=14,백남치의원등 4인 외 24인,http://likms.assembly.go.kr/bill/coactorListPopup.do?billId=013011,1994-12-14,1994-12-13,,수정가결,1994-12-14,1994-12-13,1994-11-25,1994-12-17,9700006,"이인제,함석재,현경대",수정가결,백남치
013010,140902,발전소주변지역지원에관한법률중개정법률안,상공자원위원회,1994-11-09,수정가결,14,http://likms.assembly.go.kr/bill/billDetail.do?billId=013010&ageFrom=14&ageTo=14,박우병의원등 17인 외 14인,http://likms.assembly.go.kr/bill/coactorListPopup.do?billId=013010,1994-12-14,1994-12-14,1994-12-13,수정가결,1994-12-13,1994-12-07,1994-11-25,1994-12-15,9700034,"강삼재,금진호,김종하,김채겸,나오연,노인환,류승규,박제상,이긍규,이상득,이웅희,이재환,이택석,허삼수,허화평,황윤기",수정가결,박우병
012984,140880,소하천정비법안,내무위원회,1994-11-04,원안가결,14,http://likms.assembly.go.kr/bill/billDetail.do?billId=012984&ageFrom=14&ageTo=14,황윤기의원등 24인,http://likms.assembly.go.kr/bill/coactorListPopup.do?billId=012984,1994-12-16,1994-12-16,1994-12-13,원안가결,1994-12-13,1994-11-29,1994-11-25,1994-12-16,9700017,"권해옥,김기배,김기배,김길홍,김상구,김영광,김한규,남평우,류종수,문정수,박준병,박희부,반형식,백남치,양창식,이영창,이재환,정순덕,정시채,조진형,차수명,최운지,현경대",수정가결,황윤기
012983,140879,기부금품모집금지법개정법률안,내무위원회,1994-11-04,원안가결,14,http://likms.assembly.go.kr/bill/billDetail.do?billId=012983&ageFrom=14&ageTo=14,남평우의원등 3인 외 21인,http://likms.assembly.go.kr/bill/coactorListPopup.do?billId=012983,1995-12-18,1995-12-18,1995-12-13,원안가결,1995-12-13,1994-11-29,1994-11-25,1995-12-18,9700017,"백남치,황윤기",수정가결,남평우
012978,140878,교통세법중개정법률안,재정경제위원회,1994-11-04,임기만료폐기,14,http://likms.assembly.go.kr/bill/billDetail.do?billId=012978&ageFrom=14&ageTo=14,김병오의원등 13인 외 86인,http://likms.assembly.go.kr/bill/coactorListPopup.do?billId=012978,,,,,,,1994-11-25,1996-05-29,9700009,"김원길,김원웅,박은태,박일,박정훈,박태영,이경재,이동근,이철,이철,장재식,최두환",,김병오
012982,140877,조세감면규제법중개정법률안,재정경제위원회,1994-11-04,임기만료폐기,14,http://likms.assembly.go.kr/bill/billDetail.do?billId=012982&ageFrom=14&ageTo=14,김병오의원등 13인 외 86인,http://likms.assembly.go.kr/bill/coactorListPopup.do?billId=012982,,,,,,,1994-11-25,1996-05-29,9700009,"김원길,김원웅,박은태,박일,박정훈,박태영,이경재,이동근,이철,이철,장재식,최두환",,김병오
012986,140876,소득세법중개정법률안,재정경제위원회,1994-11-04,임기만료폐기,14,http://likms.assembly.go.kr/bill/billDetail.do?billId=012986&ageFrom=14&ageTo=14,김병오의원등 13인 외 86인,http://likms.assembly.go.kr/bill/coactorListPopup.do?billId=012986,,,,,,,1994-11-25,1996-05-29,9700009,"김원길,김원웅,박은태,박일,박정훈,박태영,이경재,이동근,이철,이철,장재식,최두환",,김병오
012980,140875,법인세법중개정법률안,재정경제위원회,1994-11-04,임기만료폐기,14,http://likms.assembly.go.kr/bill/billDetail.do?billId=012980&ageFrom=14&ageTo=14,김병오의원등 13인 외 86인,http://likms.assembly.go.kr/bill/coactorListPopup.do?billId=012980,,,,,,,1994-11-25,1996-05-29,9700009,"김원길,김원웅,박은태,박일,박정훈,박태영,이경재,이동근,이철,이철,장재식,최두환",,김병오
012981,140874,특별소비세법중개정법률안,재정경제위원회,1994-11-04,임기만료폐기,14,http://likms.assembly.go.kr/bill/billDetail.do?billId=012981&ageFrom=14&ageTo=14,김병오의원등 13인 외 86인,http://likms.assembly.go.kr/bill/coactorListPopup.do?billId=012981,,,,,,,1994-11-25,1996-05-29,9700009,"김원길,김원웅,박은태,박일,박정훈,박태영,이경재,이동근,이철,이철,장재식,최두환",,김병오
012979,140873,부가가치세법중개정법률안,재정경제위원회,1994-11-04,임기만료폐기,14,http://likms.assembly.go.kr/bill/billDetail.do?billId=012979&ageFrom=14&ageTo=14,김병오의원등 13인 외 86인,http://likms.assembly.go.kr/bill/coactorListPopup.do?billId=012979,,,,,,,1994-11-25,1996-05-29,9700009,"김원길,김원웅,박은태,박일,박정훈,박태영,이경재,이동근,이철,이철,장재식,최두환",,김병오
012977,140872,상속세법중개정법률안,재정경제위원회,1994-11-04,임기만료폐기,14,http://likms.assembly.go.kr/bill/billDetail.do?billId=012977&ageFrom=14&ageTo=14,김병오의원등 13인 외 86인,http://likms.assembly.go.kr/bill/coactorListPopup.do?billId=012977,,,,,,,1994-11-25,1996-05-29,9700009,"김원길,김원웅,박은태,박일,박정훈,박태영,이경재,이동근,이철,이철,장재식,최두환",,김병오
012946,140841,국가유공자예우등에관한법률중개정법률안,보건사회위원회,1994-10-29,폐기,14,http://likms.assembly.go.kr/bill/billDetail.do?billId=012946&ageFrom=14&ageTo=14,김원웅의원등 5인 외 20인,http://likms.assembly.go.kr/bill/coactorListPopup.do?billId=012946,1994-12-16,1994-12-16,,폐기,1994-12-14,1994-12-09,1994-11-01,1994-12-16,9700042,"구천서,김호일,양문희,제정구",수정가결,김원웅
012945,140840,독립유공자예우에관한법률안,보건사회위원회,1994-10-29,대안반영폐기,14,http://likms.assembly.go.kr/bill/billDetail.do?billId=012945&ageFrom=14&ageTo=14,김원웅의원등 5인 외 20인,http://likms.assembly.go.kr/bill/coactorListPopup.do?billId=012945,,,,대안반영폐기,1994-12-14,1994-12-09,1994-11-01,1994-12-16,9700042,"구천서,김호일,양문희,제정구",,김원웅
012904,140799,예산부정방지에관한특별법안,법제사법위원회,1994-10-26,임기만료폐기,14,http://likms.assembly.go.kr/bill/billDetail.do?billId=012904&ageFrom=14&ageTo=14,이기택의원등 23인 외 76인,http://likms.assembly.go.kr/bill/coactorListPopup.do?billId=012904,,,,,,,1994-10-27,1996-05-29,9700006,"강수림,강철선,권노갑,김덕규,김병오,김원기,김원길,김원웅,류준상,문희상,박상천,박상천,신기하,신순범,이부영,장기욱,장석화,정기호,조세형,조순형,조홍규,한광옥",,이기택
012845,140740,농수산물유통및가격안정에관한법률중개정법률안,농림수산위원회,1994-09-17,대안반영폐기,14,http://likms.assembly.go.kr/bill/billDetail.do?billId=012845&ageFrom=14&ageTo=14,김영진의원등 14인 외 88인,http://likms.assembly.go.kr/bill/coactorListPopup.do?billId=012845,,,,대안반영폐기,1994-10-27,1994-09-23,1994-09-17,1994-10-28,9700028,"김병오,김인곤,김장곤,김태식,박상천,박상천,이규택,이길재,이희천,최욱철",,김영진
012800,140694,주민투표법안,내무위원회,1994-07-11,임기만료폐기,14,http://likms.assembly.go.kr/bill/billDetail.do?billId=012800&ageFrom=14&ageTo=14,황윤기의원등 4인 외 27인,http://likms.assembly.go.kr/bill/coactorListPopup.do?billId=012800,,,,,,,1994-07-12,1996-05-29,9700017,"김기배,김기배,백남치",,황윤기
012798,140693,전염병예방법중개정법률안,보건사회위원회,1994-07-09,폐기,14,http://likms.assembly.go.kr/bill/billDetail.do?billId=012798&ageFrom=14&ageTo=14,박상천의원등 8인 외 91인,http://likms.assembly.go.kr/bill/coactorListPopup.do?billId=012798,,,,폐기,1994-07-12,1994-07-11,1994-07-11,1994-07-14,9700042,"강수림,강희찬,김병오,신계륜,양문희,한광옥",,박상천
012792,140687,기금관리기본법중개정법률안,행정위원회,1994-07-07,임기만료폐기,14,http://likms.assembly.go.kr/bill/billDetail.do?billId=012792&ageFrom=14&ageTo=14,김인곤의원등 17인 외 84인,http://likms.assembly.go.kr/bill/coactorListPopup.do?billId=012792,,,,,,,1995-03-03,1996-05-29,9700007,"김병오,김영진,김영진,김영진,김영진,김장곤,김충조,김태식,박상천,박상천,이규택,이길재,이희천,최락도,최욱철,한화갑",,김인곤
012790,140686,농어업재해대책법중개정법률안,농림수산위원회,1994-07-06,임기만료폐기,14,http://likms.assembly.go.kr/bill/billDetail.do?billId=012790&ageFrom=14&ageTo=14,김인곤의원등 15인 외 86인,http://likms.assembly.go.kr/bill/coactorListPopup.do?billId=012790,,,,,,,1994-07-08,1996-05-29,9700028,"김병오,김영진,김영진,김영진,김영진,김장곤,김태식,박상천,박상천,이규택,이길재,이희천,최락도,최욱철",,김인곤
012789,140685,주민투표법안,내무위원회,1994-07-06,임기만료폐기,14,http://likms.assembly.go.kr/bill/billDetail.do?billId=012789&ageFrom=14&ageTo=14,조세형의원등 15인 외 83인,http://likms.assembly.go.kr/bill/coactorListPopup.do?billId=012789,,,,,,,1994-07-08,1996-05-29,9700017,"권노갑,김병오,김옥두,김종완,김충조,류인태,박상천,박상천,박실,이영권,이장희,장영달,정균환,한화갑",,조세형
012774,140668,금융선물거래법안,재정경제위원회,1994-06-27,임기만료폐기,14,http://likms.assembly.go.kr/bill/billDetail.do?billId=012774&ageFrom=14&ageTo=14,김원길의원등 11인 외 85인,http://likms.assembly.go.kr/bill/coactorListPopup.do?billId=012774,,,,,,,1994-06-28,1996-05-29,9700009,"김병오,김태식,류준상,박은태,박일,박태영,이동근,장재식,최두환,홍영기",,김원길
012766,140660,전염병예방법중개정법률안,보건사회위원회,1994-06-25,대안반영폐기,14,http://likms.assembly.go.kr/bill/billDetail.do?billId=012766&ageFrom=14&ageTo=14,강우혁의원 외 21인,http://likms.assembly.go.kr/bill/coactorListPopup.do?billId=012766,1994-07-14,1994-07-14,,대안반영폐기,1994-07-12,1994-07-11,1994-06-27,1994-07-14,9700042,,수정가결,강우혁
012759,140648,시체해부보존법개정법률안,보건사회위원회,1994-06-23,수정가결,14,http://likms.assembly.go.kr/bill/billDetail.do?billId=012759&ageFrom=14&ageTo=14,주양자의원 외 19인,http://likms.assembly.go.kr/bill/coactorListPopup.do?billId=012759,1994-12-16,1994-12-16,1994-12-14,수정가결,1994-12-14,1994-07-11,1994-06-24,1994-12-16,9700042,,수정가결,주양자
012716,140611,근로자의날제정에관한법률중개정법률안,노동위원회,1994-02-23,원안가결,14,http://likms.assembly.go.kr/bill/billDetail.do?billId=012716&ageFrom=14&ageTo=14,최상용의원등 9인 외 12인,http://likms.assembly.go.kr/bill/coactorListPopup.do?billId=012716,1994-02-28,1994-02-28,1994-02-25,원안가결,1994-02-25,1994-02-25,1994-02-24,1994-03-03,9700039,"구천서,김중위,박근호,박제상,이종근,이현수,이호정,황인성",원안가결,최상용
012713,140609,발명진흥법안,상공자원위원회,1994-02-16,수정가결,14,http://likms.assembly.go.kr/bill/billDetail.do?billId=012713&ageFrom=14&ageTo=14,김기배의원등 6인 외 167인,http://likms.assembly.go.kr/bill/coactorListPopup.do?billId=012713,1994-03-02,1994-03-02,1994-02-28,수정가결,1994-02-28,1994-02-25,1994-02-19,1994-03-03,9700034,"김채겸,노인환,이상득,이택석",수정가결,김기배
012698,140591,기독교재산관리법안,문화체육공보위원회,1994-02-14,임기만료폐기,14,http://likms.assembly.go.kr/bill/billDetail.do?billId=012698&ageFrom=14&ageTo=14,임춘원의원등 3인 외 25인,http://likms.assembly.go.kr/bill/coactorListPopup.do?billId=012698,,,,,,,1994-02-15,1996-05-29,9700023,"이호정,장석화",,임춘원
012697,140589,나환자정착촌재정비특별법안,건설교통위원회,1994-02-14,임기만료폐기,14,http://likms.assembly.go.kr/bill/billDetail.do?billId=012697&ageFrom=14&ageTo=14,임사빈의원등 10인 외 12인,http://likms.assembly.go.kr/bill/coactorListPopup.do?billId=012697,,,,,,,1994-02-16,1996-05-29,9700043,"강우혁,신경식,안찬희,이긍규,이상득,이성호,이웅희,이택석,조진형",,임사빈
012681,140583,도서관및독서진흥법안,문화체육공보위원회,1993-12-17,수정가결,14,http://likms.assembly.go.kr/bill/billDetail.do?billId=012681&ageFrom=14&ageTo=14,강인섭의원 외 20인,http://likms.assembly.go.kr/bill/coactorListPopup.do?billId=012681,1994-03-02,1994-03-02,1994-02-28,수정가결,1994-02-28,1994-02-25,1993-12-22,1994-03-03,9700023,,수정가결,강인섭
012672,140581,민족정통성회복특별법안,법제사법위원회,1993-12-17,임기만료폐기,14,http://likms.assembly.go.kr/bill/billDetail.do?billId=012672&ageFrom=14&ageTo=14,장기욱의원등 5인 외 167인,http://likms.assembly.go.kr/bill/coactorListPopup.do?billId=012672,,,,,,,1993-12-18,1996-05-29,9700006,"구천서,김원웅,김호일,제정구",,장기욱
012645,140540,공직선거법안,정치관계법심의특별위원회,1993-11-25,대안반영폐기,14,http://likms.assembly.go.kr/bill/billDetail.do?billId=012645&ageFrom=14&ageTo=14,조세형의원등 8인 외 89인,http://likms.assembly.go.kr/bill/coactorListPopup.do?billId=012645,,,,대안반영폐기,1994-03-04,,1994-02-28,1994-03-04,9700154,"강수림,김병오,박상천,박상천,박실,정균환,홍사덕",,조세형
012644,140539,특별검사의임명과직무등에관한법률안,법제사법위원회,1993-11-25,임기만료폐기,14,http://likms.assembly.go.kr/bill/billDetail.do?billId=012644&ageFrom=14&ageTo=14,이원형의원등 8인 외 89인,http://likms.assembly.go.kr/bill/coactorListPopup.do?billId=012644,,,,,,,1993-11-25,1996-05-29,9700006,"강수림,강철선,김병오,박상천,박상천,정기호,허경만",,이원형
012643,140538,민주평화통일자문회의법폐지법률안,통일외무위원회,1993-11-24,임기만료폐기,14,http://likms.assembly.go.kr/bill/billDetail.do?billId=012643&ageFrom=14&ageTo=14,김병오의원등 2인 외 94인,http://likms.assembly.go.kr/bill/coactorListPopup.do?billId=012643,,,,,,,1993-11-24,1996-05-29,9700015,남궁진,,김병오
012640,140537,국민의료보험법안,보건복지위원회,1993-11-22,임기만료폐기,14,http://likms.assembly.go.kr/bill/billDetail.do?billId=012640&ageFrom=14&ageTo=14,양문희의원등 5인 외 91인,http://likms.assembly.go.kr/bill/coactorListPopup.do?billId=012640,,,,,,,1993-11-23,1996-05-29,9700041,"김병오,김상현,이해찬,장기욱",,양문희
012641,140536,교통정책위원회법안,건설교통위원회,1993-11-22,임기만료폐기,14,http://likms.assembly.go.kr/bill/billDetail.do?billId=012641&ageFrom=14&ageTo=14,정상용의원등 7인 외 89인,http://likms.assembly.go.kr/bill/coactorListPopup.do?billId=012641,,,,,,,1993-11-23,1996-05-29,9700043,"김명규,김영배,이윤수,정균환,한화갑,황의성",,정상용
012639,140535,중소기업협동조합법중개정법률안,통상산업위원회,1993-11-22,임기만료폐기,14,http://likms.assembly.go.kr/bill/billDetail.do?billId=012639&ageFrom=14&ageTo=14,류인학의원등 9인 외 87인,http://likms.assembly.go.kr/bill/coactorListPopup.do?billId=012639,,,,,,,1993-11-23,1996-05-29,9700031,"강희찬,김원기,박광태,박정훈,신기하,안동선,이경재,최두환",,류인학
012642,140534,한국은행법중개정법률안,재정경제위원회,1993-11-22,임기만료폐기,14,http://likms.assembly.go.kr/bill/billDetail.do?billId=012642&ageFrom=14&ageTo=14,최두환의원등 11인 외 85인,http://likms.assembly.go.kr/bill/coactorListPopup.do?billId=012642,,,,,,,1993-11-23,1996-05-29,9700009,"김원길,김태식,류인학,류준상,박은태,박일,박태영,이동근,장재식,홍영기",,최두환
012638,140533,은행법중개정법률안,재정경제위원회,1993-11-22,임기만료폐기,14,http://likms.assembly.go.kr/bill/billDetail.do?billId=012638&ageFrom=14&ageTo=14,최두환의원등 11인 외 85인,http://likms.assembly.go.kr/bill/coactorListPopup.do?billId=012638,,,,,,,1993-11-23,1996-05-29,9700009,"김원길,김태식,류인학,류준상,박은태,박일,박태영,이동근,장재식,홍영기",,최두환
012624,140522,특별소비세법중개정법률안,재무위원회,1993-11-15,대안반영폐기,14,http://likms.assembly.go.kr/bill/billDetail.do?billId=012624&ageFrom=14&ageTo=14,장재식의원등 11인 외 85인,http://likms.assembly.go.kr/bill/coactorListPopup.do?billId=012624,,,,대안반영폐기,1993-12-02,1993-11-17,1993-11-16,1993-12-07,9700011,"김병오,김원길,김태식,류준상,박은태,박일,박태영,이동근,최두환,홍영기",,장재식
012627,140521,공직자선거및선거부정방지법안,정치관계법심의특별위원회,1993-11-15,대안반영폐기,14,http://likms.assembly.go.kr/bill/billDetail.do?billId=012627&ageFrom=14&ageTo=14,신상식의원등 25인 외 150인,http://likms.assembly.go.kr/bill/coactorListPopup.do?billId=012627,,,,대안반영폐기,1994-03-04,,1993-11-16,1994-03-04,9700154,"강삼재,강신옥,강용식,강인섭,김영일,김영진,김영진,김영진,김영진,김형오,남재두,류흥수,문정수,박범진,박헌기,박희부,박희태,백남치,성무용,송천영,양창식,최재욱,하순봉,황윤기",,신상식
012626,140520,정치자금에관한법률중개정법률안,정치관계법심의특별위원회,1993-11-15,대안반영폐기,14,http://likms.assembly.go.kr/bill/billDetail.do?billId=012626&ageFrom=14&ageTo=14,신상식의원등 25인 외 150인,http://likms.assembly.go.kr/bill/coactorListPopup.do?billId=012626,,,,대안반영폐기,1994-03-04,,1994-02-28,1994-03-04,9700154,"강삼재,강신옥,강용식,강인섭,김영일,김영진,김영진,김영진,김영진,김형오,남재두,류흥수,문정수,박범진,박헌기,박희부,박희태,백남치,성무용,송천영,양창식,최재욱,하순봉,황윤기",,신상식
012625,140519,정당법중개정법률안,정치관계법심의특별위원회,1993-11-15,대안반영폐기,14,http://likms.assembly.go.kr/bill/billDetail.do?billId=012625&ageFrom=14&ageTo=14,신상식의원등 25인 외 150인,http://likms.assembly.go.kr/bill/coactorListPopup.do?billId=012625,,,,대안반영폐기,1993-12-01,1993-11-26,1993-11-16,1993-12-01,9700154,"강삼재,강신옥,강용식,강인섭,김영일,김영진,김영진,김영진,김영진,김형오,남재두,류흥수,문정수,박범진,박헌기,박희부,박희태,백남치,성무용,송천영,양창식,최재욱,하순봉,황윤기",,신상식
012623,140518,사립학교법중개정법률안,교육위원회,1993-11-15,임기만료폐기,14,http://likms.assembly.go.kr/bill/billDetail.do?billId=012623&ageFrom=14&ageTo=14,박석무의원등 4인 외 92인,http://likms.assembly.go.kr/bill/coactorListPopup.do?billId=012623,,,,,,,1993-11-16,1996-05-29,9700021,"김원웅,장영달,홍기훈",,박석무
012620,140517,부가가치세법중개정법률안,재무위원회,1993-11-13,폐기,14,http://likms.assembly.go.kr/bill/billDetail.do?billId=012620&ageFrom=14&ageTo=14,장재식의원등 11인 외 85인,http://likms.assembly.go.kr/bill/coactorListPopup.do?billId=012620,,,,폐기,1993-12-02,1993-11-17,1993-11-15,1993-12-07,9700011,"김병오,김원길,김태식,류준상,박은태,박일,박태영,이동근,최두환,홍영기",,장재식
012621,140516,소득세법중개정법률안,재무위원회,1993-11-13,대안반영폐기,14,http://likms.assembly.go.kr/bill/billDetail.do?billId=012621&ageFrom=14&ageTo=14,장재식의원등 11인 외 85인,http://likms.assembly.go.kr/bill/coactorListPopup.do?billId=012621,,,,대안반영폐기,1993-12-02,1993-11-17,1993-11-15,1993-12-07,9700011,"김병오,김원길,김태식,류준상,박은태,박일,박태영,이동근,최두환,홍영기",,장재식
012617,140515,상속세법중개정법률안,재무위원회,1993-11-13,대안반영폐기,14,http://likms.assembly.go.kr/bill/billDetail.do?billId=012617&ageFrom=14&ageTo=14,장재식의원등 11인 외 85인,http://likms.assembly.go.kr/bill/coactorListPopup.do?billId=012617,,,,대안반영폐기,1993-12-02,1993-11-17,1993-11-15,1993-12-07,9700011,"김병오,김원길,김태식,류준상,박은태,박일,박태영,이동근,최두환,홍영기",,장재식
012619,140514,법인세법중개정법률안,재무위원회,1993-11-13,폐기,14,http://likms.assembly.go.kr/bill/billDetail.do?billId=012619&ageFrom=14&ageTo=14,장재식의원등 11인 외 85인,http://likms.assembly.go.kr/bill/coactorListPopup.do?billId=012619,,,,폐기,1993-12-02,,1993-11-15,1993-12-07,9700011,"김병오,김원길,김태식,류준상,박은태,박일,박태영,이동근,최두환,홍영기",,장재식
012622,140513,지역균형발전을위한지방중소기업육성특별조치법안,상공자원위원회,1993-11-13,폐기,14,http://likms.assembly.go.kr/bill/billDetail.do?billId=012622&ageFrom=14&ageTo=14,박광태의원 외 28인,http://likms.assembly.go.kr/bill/coactorListPopup.do?billId=012622,,,,폐기,1993-12-15,,1993-11-15,1993-12-16,9700034,,,박광태
012618,140512,중소기업근로자복지진흥법안,노동위원회,1993-11-13,원안가결,14,http://likms.assembly.go.kr/bill/billDetail.do?billId=012618&ageFrom=14&ageTo=14,최상용의원 외 19인,http://likms.assembly.go.kr/bill/coactorListPopup.do?billId=012618,1993-12-01,1993-12-01,1993-11-30,원안가결,1993-11-30,1993-11-25,1993-11-15,1993-12-01,9700039,,수정가결,최상용
012615,140510,지역균형개발및지방중소기업육성에관한법률안,건설위원회,1993-11-12,수정가결,14,http://likms.assembly.go.kr/bill/billDetail.do?billId=012615&ageFrom=14&ageTo=14,최재욱의원등 2인 외 28인,http://likms.assembly.go.kr/bill/coactorListPopup.do?billId=012615,1993-12-16,1993-12-16,1993-12-14,수정가결,1993-12-14,1993-12-09,1993-11-15,1993-12-17,9700044,이택석,수정가결,최재욱
012611,140507,거창사건관련자의명예회복에관한특별조치법안,내무위원회,1993-11-11,수정가결,14,http://likms.assembly.go.kr/bill/billDetail.do?billId=012611&ageFrom=14&ageTo=14,이강두의원 외 20인,http://likms.assembly.go.kr/bill/coactorListPopup.do?billId=012611,1995-12-18,1995-12-18,1995-12-18,수정가결,1995-12-18,1995-11-30,1993-11-13,1995-12-18,9700017,,원안가결,이강두
012607,140502,금융실명거래에관한법률안,재정경제위원회,1993-11-10,임기만료폐기,14,http://likms.assembly.go.kr/bill/billDetail.do?billId=012607&ageFrom=14&ageTo=14,류준상의원등 9인 외 87인,http://likms.assembly.go.kr/bill/coactorListPopup.do?billId=012607,,,,,,,1993-11-11,1996-05-29,9700009,"김병오,김원길,김태식,박일,이경재,장재식,최두환,홍영기",,류준상
012606,140501,도·소매업진흥법중개정법률안,통상산업위원회,1993-11-06,임기만료폐기,14,http://likms.assembly.go.kr/bill/billDetail.do?billId=012606&ageFrom=14&ageTo=14,정대철의원등 2인 외 94인,http://likms.assembly.go.kr/bill/coactorListPopup.do?billId=012606,,,,,,,1993-11-08,1996-05-29,9700031,박정훈,,정대철
012605,140500,응급의료에관한법률안,보건사회위원회,1993-11-05,수정가결,14,http://likms.assembly.go.kr/bill/billDetail.do?billId=012605&ageFrom=14&ageTo=14,주양자의원 외 20인,http://likms.assembly.go.kr/bill/coactorListPopup.do?billId=012605,1993-12-15,1993-12-01,1993-11-26,수정가결,1993-11-25,1993-11-23,1993-11-08,1993-12-16,9700042,,수정가결,주양자
012604,140499,농어촌정비법안,농림수산위원회,1993-11-05,수정가결,14,http://likms.assembly.go.kr/bill/billDetail.do?billId=012604&ageFrom=14&ageTo=14,권해옥의원등 2인 외 19인,http://likms.assembly.go.kr/bill/coactorListPopup.do?billId=012604,1994-12-02,1994-12-02,1994-12-01,수정가결,1994-12-01,1994-08-11,1993-11-08,1994-12-02,9700028,황윤기,수정가결,권해옥
012603,140498,부정수표단속법중개정법률안,법제사법위원회,1993-11-05,수정가결,14,http://likms.assembly.go.kr/bill/billDetail.do?billId=012603&ageFrom=14&ageTo=14,함석재의원 외 20인,http://likms.assembly.go.kr/bill/coactorListPopup.do?billId=012603,1993-11-16,1993-11-15,,수정가결,1993-11-16,1993-11-15,1993-11-08,1993-11-18,9700006,,수정가결,함석재
012602,140497,부동산소유권이전등기등에관한특별조치법중개정법률안,법제사법위원회,1993-11-05,원안가결,14,http://likms.assembly.go.kr/bill/billDetail.do?billId=012602&ageFrom=14&ageTo=14,박헌기의원등 2인 외 19인,http://likms.assembly.go.kr/bill/coactorListPopup.do?billId=012602,1993-11-16,1993-11-15,,원안가결,1993-11-16,1993-11-15,1993-11-08,1993-11-18,9700006,김기도,원안가결,박헌기
012601,140496,예산회계에관한특례법폐지법률안,재정경제위원회,1993-11-05,임기만료폐기,14,http://likms.assembly.go.kr/bill/billDetail.do?billId=012601&ageFrom=14&ageTo=14,손세일의원등 8인 외 89인,http://likms.assembly.go.kr/bill/coactorListPopup.do?billId=012601,,,,,,,1995-03-03,1996-05-29,9700009,"김덕규,신진욱,이기택,이철,이철,조세형,조홍규",,손세일
012600,140495,종합유선방송법중개정법률안,문화체육공보위원회,1993-11-04,임기만료폐기,14,http://likms.assembly.go.kr/bill/billDetail.do?billId=012600&ageFrom=14&ageTo=14,박계동의원등 5인 외 91인,http://likms.assembly.go.kr/bill/coactorListPopup.do?billId=012600,,,,,,,1993-11-05,1996-05-29,9700023,"국종남,박지원,임채정,채영석",,박계동
012580,140469,새마을운동조직육성법폐지법률안,내무위원회,1993-10-28,임기만료폐기,14,http://likms.assembly.go.kr/bill/billDetail.do?billId=012580&ageFrom=14&ageTo=14,박상천의원등 9인 외 88인,http://likms.assembly.go.kr/bill/coactorListPopup.do?billId=012580,,,,,,,1993-10-30,1996-05-29,9700017,"김옥두,김종완,김충조,류인태,문희상,이장희,이협",,박상천
012574,140468,바르게살기운동조직육성법폐지법률안,내무위원회,1993-10-28,임기만료폐기,14,http://likms.assembly.go.kr/bill/billDetail.do?billId=012574&ageFrom=14&ageTo=14,박상천의원등 9인 외 88인,http://likms.assembly.go.kr/bill/coactorListPopup.do?billId=012574,,,,,,,1993-10-30,1996-05-29,9700017,"김옥두,김종완,김충조,류인태,문희상,이장희,이협",,박상천
012573,140467,한국자유총연맹육성에관한법률폐지법률안,문화체육공보위원회,1993-10-28,임기만료폐기,14,http://likms.assembly.go.kr/bill/billDetail.do?billId=012573&ageFrom=14&ageTo=14,박계동의원등 5인 외 91인,http://likms.assembly.go.kr/bill/coactorListPopup.do?billId=012573,,,,,,,1993-10-30,1996-05-29,9700023,"국종남,박지원,임채정,채영석",,박계동
012489,140385,약사법중개정법률안,보건복지위원회,1993-09-25,임기만료폐기,14,http://likms.assembly.go.kr/bill/billDetail.do?billId=012489&ageFrom=14&ageTo=14,문창모의원 외 85인,http://likms.assembly.go.kr/bill/coactorListPopup.do?billId=012489,,,,,,,1993-10-06,1996-05-29,9700041,,,문창모
012490,140384,의료보험법중개정법률안,보건사회위원회,1993-09-25,폐기,14,http://likms.assembly.go.kr/bill/billDetail.do?billId=012490&ageFrom=14&ageTo=14,문창모의원 외 85인,http://likms.assembly.go.kr/bill/coactorListPopup.do?billId=012490,,,,폐기,1993-12-13,1993-11-13,1993-10-06,1993-12-16,9700042,,,문창모
012442,140334,정치자금에관한법률중개정법률안,정치관계법심의특별위원회,1993-09-16,대안반영폐기,14,http://likms.assembly.go.kr/bill/billDetail.do?billId=012442&ageFrom=14&ageTo=14,박상천의원등 9인 외 88인,http://likms.assembly.go.kr/bill/coactorListPopup.do?billId=012442,,,,대안반영폐기,1994-03-04,,1994-02-28,1994-03-04,9700154,"강수림,강철선,김병오,김충조,양문희,임채정,장기욱",,박상천
012443,140333,정당법중개정법률안,정치관계법심의특별위원회,1993-09-16,대안반영폐기,14,http://likms.assembly.go.kr/bill/billDetail.do?billId=012443&ageFrom=14&ageTo=14,조세형의원등 9인 외 88인,http://likms.assembly.go.kr/bill/coactorListPopup.do?billId=012443,,,,대안반영폐기,1993-12-01,1993-11-26,1993-09-17,1993-12-01,9700154,"김병오,류인태,박상천,박상천,이협,정균환,정기호,홍사덕",,조세형
012395,140290,부동산소유권이전등기등에관한특별조치법중개정법률안,법제사법위원회,1993-08-03,철회,14,http://likms.assembly.go.kr/bill/billDetail.do?billId=012395&ageFrom=14&ageTo=14,김기도의원등 2인 외 20인,http://likms.assembly.go.kr/bill/coactorListPopup.do?billId=012395,,,,,,,1993-08-03,1993-09-14,9700006,배명국,,김기도
012391,140286,통신비밀보호법안,정치관계법심의특별위원회,1993-07-07,대안반영폐기,14,http://likms.assembly.go.kr/bill/billDetail.do?billId=012391&ageFrom=14&ageTo=14,박희태의원등 6인 외 16인,http://likms.assembly.go.kr/bill/coactorListPopup.do?billId=012391,,,,대안반영폐기,1993-12-01,,1993-07-08,1993-12-01,9700154,"강신옥,김영일,남재두,신상식,양창식",,박희태
012375,140282,국회법중개정법률안,국회운영위원회,1993-07-03,임기만료폐기,14,http://likms.assembly.go.kr/bill/billDetail.do?billId=012375&ageFrom=14&ageTo=14,정장현의원 외 57인,http://likms.assembly.go.kr/bill/coactorListPopup.do?billId=012375,,,,,,,1993-07-05,1996-05-29,9700005,,,정장현
012364,140260,민주질서보호법안,법제사법위원회,1993-05-20,임기만료폐기,14,http://likms.assembly.go.kr/bill/billDetail.do?billId=012364&ageFrom=14&ageTo=14,박상천의원등 9인 외 86인,http://likms.assembly.go.kr/bill/coactorListPopup.do?billId=012364,,,,,,,1994-01-14,1996-05-29,9700006,"강수림,강철선,박실,오탄,이원형,정기호,조순승",,박상천
012363,140258,금융실명거래에관한법률중개정법률안,재무위원회,1993-05-20,철회,14,http://likms.assembly.go.kr/bill/billDetail.do?billId=012363&ageFrom=14&ageTo=14,김원길의원등 11인 외 84인,http://likms.assembly.go.kr/bill/coactorListPopup.do?billId=012363,,,,철회,,,1993-05-29,1993-11-11,9700011,"김병오,김태식,류준상,박상천,박상천,박일,장재식,최두환,홍사덕,홍영기",,김원길
012358,140253,형의실효등에관한법률중개정법률안,법제사법위원회,1993-05-19,대안반영폐기,14,http://likms.assembly.go.kr/bill/billDetail.do?billId=012358&ageFrom=14&ageTo=14,이원형의원등 6인 외 89인,http://likms.assembly.go.kr/bill/coactorListPopup.do?billId=012358,,,,대안반영폐기,1993-07-09,1993-07-07,1993-05-20,1993-07-13,9700006,"강수림,강철선,박상천,박상천,정기호",,이원형
012353,140248,기업활동촉진에관한특별조치법안,상공자원위원회,1993-05-14,대안반영폐기,14,http://likms.assembly.go.kr/bill/billDetail.do?billId=012353&ageFrom=14&ageTo=14,조세형의원등 13인 외 84인,http://likms.assembly.go.kr/bill/coactorListPopup.do?billId=012353,,,,대안반영폐기,1993-05-15,,1993-05-14,1993-05-18,9700034,"김영진,김영진,김영진,김영진,김장곤,류인태,류인학,박정훈,원혜영,이해찬,장기욱,장석화",,조세형
012351,140247,장애인교육에관한기본법안,교육위원회,1993-05-13,대안반영폐기,14,http://likms.assembly.go.kr/bill/billDetail.do?billId=012351&ageFrom=14&ageTo=14,박석무의원등 4인 외 90인,http://likms.assembly.go.kr/bill/coactorListPopup.do?billId=012351,,,,대안반영폐기,1993-12-14,,1993-05-18,1993-12-17,9700021,"김원웅,장영달,홍기훈",,박석무
012352,140246,해직교원의복직과보상에관한특별조치법안,교육위원회,1993-05-13,임기만료폐기,14,http://likms.assembly.go.kr/bill/billDetail.do?billId=012352&ageFrom=14&ageTo=14,박석무의원등 4인 외 90인,http://likms.assembly.go.kr/bill/coactorListPopup.do?billId=012352,,,,,,,1993-05-18,1996-05-29,9700021,"김원웅,장영달,홍기훈",,박석무
012349,140245,통신비밀보호법안,정치관계법심의특별위원회,1993-05-12,대안반영폐기,14,http://likms.assembly.go.kr/bill/billDetail.do?billId=012349&ageFrom=14&ageTo=14,박상천의원등 9인 외 87인,http://likms.assembly.go.kr/bill/coactorListPopup.do?billId=012349,,,,대안반영폐기,1993-12-01,,1993-06-21,1993-12-01,9700154,"강창성,류인태,이원형,정균환,정상용,최두환,홍사덕",,박상천
012350,140244,국가안전기획부법개정법률안,정치관계법심의특별위원회,1993-05-12,대안반영폐기,14,http://likms.assembly.go.kr/bill/billDetail.do?billId=012350&ageFrom=14&ageTo=14,정대철의원등 10인 외 86인,http://likms.assembly.go.kr/bill/coactorListPopup.do?billId=012350,,,,대안반영폐기,1993-12-07,,1993-05-14,1993-12-07,9700154,"강수림,강창성,박상천,박상천,이영권,임복진,임복진,조순승,최두환",,정대철
012348,140243,국가안전보장회의법개정법률안,국방위원회,1993-05-12,임기만료폐기,14,http://likms.assembly.go.kr/bill/billDetail.do?billId=012348&ageFrom=14&ageTo=14,권노갑의원등 9인 외 88인,http://likms.assembly.go.kr/bill/coactorListPopup.do?billId=012348,,,,,,,1994-01-14,1996-05-29,9700019,"강수림,나병선,박상천,박상천,임복진,임복진,장준익,최두환",,권노갑
012343,140238,기업활동규제완화에관한특별조치법안,상공자원위원회,1993-05-06,대안반영폐기,14,http://likms.assembly.go.kr/bill/billDetail.do?billId=012343&ageFrom=14&ageTo=14,김기배의원등 4인 외 163인,http://likms.assembly.go.kr/bill/coactorListPopup.do?billId=012343,,,,대안반영폐기,1993-05-15,,1993-05-07,1993-05-18,9700034,"강신옥,서상목",,김기배
012342,140237,공직자윤리법중개정법률안,정치관계법심의특별위원회,1993-05-04,대안반영폐기,14,http://likms.assembly.go.kr/bill/billDetail.do?billId=012342&ageFrom=14&ageTo=14,신상식의원등 9인 외 158인,http://likms.assembly.go.kr/bill/coactorListPopup.do?billId=012342,,,,대안반영폐기,1993-05-20,,1993-05-10,1993-05-20,9700154,"김영일,김중위,남재두,박범진,백남치,성무용,최재욱,하순봉",,신상식
012329,140224,공직자윤리법중개정법률안,정치관계법심의특별위원회,1993-04-20,대안반영폐기,14,http://likms.assembly.go.kr/bill/billDetail.do?billId=012329&ageFrom=14&ageTo=14,이부영의원등 10인 외 87인,http://likms.assembly.go.kr/bill/coactorListPopup.do?billId=012329,,,,대안반영폐기,1993-05-20,,1993-05-10,1993-05-20,9700154,"강수림,김원웅,박계동,박상천,박상천,원혜영,이석현,이석현,이협",,이부영
012326,140221,건축물유지관리업법안,건설위원회,1993-04-09,철회,14,http://likms.assembly.go.kr/bill/billDetail.do?billId=012326&ageFrom=14&ageTo=14,구자춘의원 외 25인,http://likms.assembly.go.kr/bill/coactorListPopup.do?billId=012326,,,,철회,1993-05-12,,1993-04-14,1993-05-12,9700044,,,구자춘
012304,140202,공직자윤리법중개정법률안,,1993-02-19,철회,14,http://likms.assembly.go.kr/bill/billDetail.do?billId=012304&ageFrom=14&ageTo=14,박상천의원등 6인 외 90인,http://likms.assembly.go.kr/bill/coactorListPopup.do?billId=012304,,,,철회,1993-05-12,,,1993-04-22,,"김충현,신순범,이영권,한광옥",,박상천
012306,140201,임시우편단속법폐지법률안,교통체신위원회,1993-02-19,폐기,14,http://likms.assembly.go.kr/bill/billDetail.do?billId=012306&ageFrom=14&ageTo=14,정상용의원등 7인 외 88인,http://likms.assembly.go.kr/bill/coactorListPopup.do?billId=012306,,,,,,,1993-02-26,1994-01-10,9700045,"김명규,김영배,이윤수,정균환,한화갑,황의성",,정상용
012305,140200,공직선거의동시실시에관한특례법안,정치관계법심의특별위원회,1993-02-19,대안반영폐기,14,http://likms.assembly.go.kr/bill/billDetail.do?billId=012305&ageFrom=14&ageTo=14,박상천의원등 7인 외 89인,http://likms.assembly.go.kr/bill/coactorListPopup.do?billId=012305,,,,대안반영폐기,1994-03-04,,1993-06-28,1994-03-04,9700154,"강수림,김충현,나병선,이원형,조순승",,박상천
012298,140199,지방의회에서의증언·감정등에관한법률안,내무위원회,1993-02-19,임기만료폐기,14,http://likms.assembly.go.kr/bill/billDetail.do?billId=012298&ageFrom=14&ageTo=14,박상천의원등 7인 외 89인,http://likms.assembly.go.kr/bill/coactorListPopup.do?billId=012298,,,,,,,1994-01-14,1996-05-29,9700017,"강수림,김충현,나병선,이원형,조순승",,박상천
012303,140198,지방자치법중개정법률안,정치관계법심의특별위원회,1993-02-19,대안반영폐기,14,http://likms.assembly.go.kr/bill/billDetail.do?billId=012303&ageFrom=14&ageTo=14,박상천의원등 7인 외 89인,http://likms.assembly.go.kr/bill/coactorListPopup.do?billId=012303,,,,대안반영폐기,1994-03-04,,1993-05-10,1994-03-04,9700154,"강수림,김충현,나병선,이원형,조순승",,박상천
012300,140197,집회및시위에관한법률중개정법률안,특위,1993-02-19,임기만료폐기,14,http://likms.assembly.go.kr/bill/billDetail.do?billId=012300&ageFrom=14&ageTo=14,박상천의원등 7인 외 89인,http://likms.assembly.go.kr/bill/coactorListPopup.do?billId=012300,,,,,,,1993-05-11,1996-05-29,,"강수림,김충현,나병선,이원형,조순승",,박상천
012307,140196,국회법중개정법률안,국회운영위원회,1993-02-19,임기만료폐기,14,http://likms.assembly.go.kr/bill/billDetail.do?billId=012307&ageFrom=14&ageTo=14,박상천의원등 7인 외 90인,http://likms.assembly.go.kr/bill/coactorListPopup.do?billId=012307,,,,,,,1993-02-26,1996-05-29,9700005,"김명규,이원형,이철,이철,채영석",,박상천
012302,140195,정부투자기관관리기본법중개정법률안,경제과학위원회,1993-02-19,임기만료폐기,14,http://likms.assembly.go.kr/bill/billDetail.do?billId=012302&ageFrom=14&ageTo=14,조홍규의원등 5인 외 90인,http://likms.assembly.go.kr/bill/coactorListPopup.do?billId=012302,,,,,,,1993-02-26,1996-05-29,9700014,"김덕규,신진욱,이기택,조세형",,조홍규
012301,140194,정부조직법중개정법률안,행정경제위원회,1993-02-19,폐기,14,http://likms.assembly.go.kr/bill/billDetail.do?billId=012301&ageFrom=14&ageTo=14,이영권의원 외 94인,http://likms.assembly.go.kr/bill/coactorListPopup.do?billId=012301,1994-12-22,1994-12-22,,,1994-12-22,1994-12-09,1993-02-19,1994-12-23,9700182,,수정가결,이영권
012296,140189,노동조합법중개정법률안,환경노동위원회,1993-02-15,임기만료폐기,14,http://likms.assembly.go.kr/bill/billDetail.do?billId=012296&ageFrom=14&ageTo=14,김말룡의원 외 33인,http://likms.assembly.go.kr/bill/coactorListPopup.do?billId=012296,,,,,,,1993-02-18,1996-05-29,9700038,,,김말룡
012293,140188,노동쟁의조정법중개정법률안,환경노동위원회,1993-02-15,임기만료폐기,14,http://likms.assembly.go.kr/bill/billDetail.do?billId=012293&ageFrom=14&ageTo=14,김말룡의원 외 33인,http://likms.assembly.go.kr/bill/coactorListPopup.do?billId=012293,,,,,,,1993-02-18,1996-05-29,9700038,,,김말룡
012295,140187,노동위원회법중개정법률안,환경노동위원회,1993-02-15,임기만료폐기,14,http://likms.assembly.go.kr/bill/billDetail.do?billId=012295&ageFrom=14&ageTo=14,김말룡의원 외 33인,http://likms.assembly.go.kr/bill/coactorListPopup.do?billId=012295,,,,,,,1993-02-18,1996-05-29,9700038,,,김말룡
012290,140186,정부조직법중개정법률안,행정위원회,1993-02-13,수정가결,14,http://likms.assembly.go.kr/bill/billDetail.do?billId=012290&ageFrom=14&ageTo=14,김중위의원 외 21인,http://likms.assembly.go.kr/bill/coactorListPopup.do?billId=012290,1993-02-23,1993-02-23,1993-02-22,수정가결,1993-02-20,1993-02-18,1993-02-15,1993-02-23,9700007,,원안가결,김중위
012250,140145,국가유공자예우등에관한법률중개정법률안,보건복지위원회,1992-11-09,임기만료폐기,14,http://likms.assembly.go.kr/bill/billDetail.do?billId=012250&ageFrom=14&ageTo=14,김충조의원 외 93인,http://likms.assembly.go.kr/bill/coactorListPopup.do?billId=012250,,,,,,,1992-11-11,1996-05-29,9700041,,,김충조
012249,140144,1980년해직공무원의보상등에관한특별조치법중개정법률안,행정위원회,1992-11-09,임기만료폐기,14,http://likms.assembly.go.kr/bill/billDetail.do?billId=012249&ageFrom=14&ageTo=14,조홍규의원 외 29인,http://likms.assembly.go.kr/bill/coactorListPopup.do?billId=012249,,,,,,,1992-11-11,1996-05-29,9700007,,,조홍규
012248,140143,과학기술혁신특별조치법안,체신과학기술위원회,1992-11-06,임기만료폐기,14,http://likms.assembly.go.kr/bill/billDetail.do?billId=012248&ageFrom=14&ageTo=14,김채겸의원등 3인 외 30인,http://likms.assembly.go.kr/bill/coactorListPopup.do?billId=012248,,,,,,,1994-06-29,1996-05-29,9700037,"김정남,조홍규",,김채겸
012245,140137,농어업재해대책법중개정법률안,농림수산위원회,1992-11-03,수정가결,14,http://likms.assembly.go.kr/bill/billDetail.do?billId=012245&ageFrom=14&ageTo=14,김영진의원등 11인 외 86인,http://likms.assembly.go.kr/bill/coactorListPopup.do?billId=012245,1993-05-17,1993-05-17,1993-05-17,수정가결,1993-05-17,1993-02-18,1992-11-04,1993-05-18,9700028,"김인곤,김장곤,김종완,이규택,이길재,이희천,최락도",원안가결,김영진
012238,140134,법인세법중개정법률안,재무위원회,1992-11-02,폐기,14,http://likms.assembly.go.kr/bill/billDetail.do?billId=012238&ageFrom=14&ageTo=14,장재식의원등 10인 외 84인,http://likms.assembly.go.kr/bill/coactorListPopup.do?billId=012238,,,,폐기,1992-11-18,1992-11-03,1992-11-03,1992-11-19,9700011,"김원길,김태식,류준상,박은태,박일,박태영,이동근,최두환,홍영기",,장재식
012239,140133,소득세법중개정법률안,재무위원회,1992-11-02,폐기,14,http://likms.assembly.go.kr/bill/billDetail.do?billId=012239&ageFrom=14&ageTo=14,장재식의원등 10인 외 84인,http://likms.assembly.go.kr/bill/coactorListPopup.do?billId=012239,,,,폐기,1992-11-18,1992-11-03,1992-11-03,1992-11-19,9700011,"김원길,김태식,류준상,박은태,박일,박태영,이동근,최두환,홍영기",,장재식
012234,140129,성폭력행위처벌등에관한법률안,법제사법위원회,1992-10-31,대안반영폐기,14,http://likms.assembly.go.kr/bill/billDetail.do?billId=012234&ageFrom=14&ageTo=14,변정일의원 외 29인,http://likms.assembly.go.kr/bill/coactorListPopup.do?billId=012234,,,,대안반영폐기,1993-12-16,1992-11-09,1992-11-02,1993-12-17,9700006,,,변정일
012229,140127,삼청교육피해자의보상등에관한특별법안,국방위원회,1992-10-29,임기만료폐기,14,http://likms.assembly.go.kr/bill/billDetail.do?billId=012229&ageFrom=14&ageTo=14,이원형의원 외 94인,http://likms.assembly.go.kr/bill/coactorListPopup.do?billId=012229,,,,,,,1992-11-02,1996-05-29,9700019,,,이원형
012228,140126,교육환경개선특별회계법중개정법률안,교육위원회,1992-10-29,폐기,14,http://likms.assembly.go.kr/bill/billDetail.do?billId=012228&ageFrom=14&ageTo=14,박석무의원등 4인 외 91인,http://likms.assembly.go.kr/bill/coactorListPopup.do?billId=012228,,,,폐기,1995-11-20,1992-10-30,1992-10-30,1995-12-01,9700021,"김원웅,장영달,홍기훈",,박석무
012216,140105,기업전문화장려법안,상공자원위원회,1992-10-28,임기만료폐기,14,http://likms.assembly.go.kr/bill/billDetail.do?billId=012216&ageFrom=14&ageTo=14,박은태의원 외 28인,http://likms.assembly.go.kr/bill/coactorListPopup.do?billId=012216,,,,,,,1992-10-30,1996-05-29,9700034,,,박은태
012208,140103,농어가부채경감에관한특별조치법중개정법률안,농림수산위원회,1992-10-27,임기만료폐기,14,http://likms.assembly.go.kr/bill/billDetail.do?billId=012208&ageFrom=14&ageTo=14,김봉호의원등 13인 외 85인,http://likms.assembly.go.kr/bill/coactorListPopup.do?billId=012208,,,,,,,1992-10-30,1996-05-29,9700028,"김영진,김영진,김영진,김영진,김인곤,김장곤,김종완,류인학,이규택,이길재,이희천,최락도",,김봉호
012201,140099,중소기업의경영안정및구조조정촉진에관한특별조치법중개정법률안,상공위원회,1992-10-22,원안가결,14,http://likms.assembly.go.kr/bill/billDetail.do?billId=012201&ageFrom=14&ageTo=14,심정구의원 외 21인,http://likms.assembly.go.kr/bill/coactorListPopup.do?billId=012201,1992-11-09,1992-11-09,1992-11-04,원안가결,1992-11-04,1992-11-03,1992-10-24,1992-11-10,9700033,,원안가결,심정구
012204,140098,특수법인등의등기사항에관한특례법안,법제사법위원회,1992-10-22,수정가결,14,http://likms.assembly.go.kr/bill/billDetail.do?billId=012204&ageFrom=14&ageTo=14,이인제의원 외 21인,http://likms.assembly.go.kr/bill/coactorListPopup.do?billId=012204,,,,수정가결,1992-11-03,1992-11-03,1992-10-24,1992-11-10,9700006,,,이인제
012156,140048,교육환경개선특별회계법중개정법률안,교육위원회,1992-10-02,폐기,14,http://likms.assembly.go.kr/bill/billDetail.do?billId=012156&ageFrom=14&ageTo=14,황인성의원등 9인 외 27인,http://likms.assembly.go.kr/bill/coactorListPopup.do?billId=012156,,,,폐기,1995-11-20,1992-10-30,1992-10-05,1995-12-01,9700021,"김동근,김영수,김인영,김정수,김중위,나웅배,박범진,심명보",,황인성
012150,140044,옥외광고물등관리법중개정법률안,내무위원회,1992-09-30,수정가결,14,http://likms.assembly.go.kr/bill/billDetail.do?billId=012150&ageFrom=14&ageTo=14,황윤기의원 외 20인,http://likms.assembly.go.kr/bill/coactorListPopup.do?billId=012150,1992-11-09,1992-11-09,1992-11-06,수정가결,1992-11-06,1992-11-05,1992-10-02,1992-11-10,9700017,,수정가결,황윤기
012146,140042,공직선거의동시실시에관한법률안,내무위원회,1992-09-26,철회,14,http://likms.assembly.go.kr/bill/billDetail.do?billId=012146&ageFrom=14&ageTo=14,박상천의원등 4인 외 93인,http://likms.assembly.go.kr/bill/coactorListPopup.do?billId=012146,,,,철회,1993-05-12,,1992-10-06,1993-05-12,9700017,"문희상,장기욱",,박상천
012147,140041,지방의회에서의증언·감정등에관한법률안,내무위원회,1992-09-26,철회,14,http://likms.assembly.go.kr/bill/billDetail.do?billId=012147&ageFrom=14&ageTo=14,박상천의원등 4인 외 93인,http://likms.assembly.go.kr/bill/coactorListPopup.do?billId=012147,,,,철회,1993-05-12,,1992-10-05,1993-05-12,9700017,"문희상,장기욱",,박상천
012145,140040,지방자치법중개정법률안,내무위원회,1992-09-26,철회,14,http://likms.assembly.go.kr/bill/billDetail.do?billId=012145&ageFrom=14&ageTo=14,박상천의원등 4인 외 93인,http://likms.assembly.go.kr/bill/coactorListPopup.do?billId=012145,,,,철회,1993-05-12,,1992-10-07,1993-05-12,9700017,"문희상,장기욱",,박상천
012134,140029,"""80년대해직예비군중대장의공로금지급에관한특별조치법안",국방위원회,1992-08-06,임기만료폐기,14,http://likms.assembly.go.kr/bill/billDetail.do?billId=012134&ageFrom=14&ageTo=14,황명수의원 외 53인,http://likms.assembly.go.kr/bill/coactorListPopup.do?billId=012134,,,,,,,1992-10-02,1996-05-29,9700019,,,황명수
012132,140027,병역의무의특례규제에관한법률중개정법률안,국방위원회,1992-07-24,수정가결,14,http://likms.assembly.go.kr/bill/billDetail.do?billId=012132&ageFrom=14&ageTo=14,서수종의원 외 20인,http://likms.assembly.go.kr/bill/coactorListPopup.do?billId=012132,1992-11-09,1992-11-09,1992-11-06,수정가결,1992-11-05,1992-11-05,1992-10-02,1992-11-10,9700019,,수정가결,서수종
012131,140026,성폭력행위의처벌과피해자보호등에관한법률안,법제사법위원회,1992-07-22,대안반영폐기,14,http://likms.assembly.go.kr/bill/billDetail.do?billId=012131&ageFrom=14&ageTo=14,박상천의원 외 95인,http://likms.assembly.go.kr/bill/coactorListPopup.do?billId=012131,,,,대안반영폐기,1993-12-16,1992-11-03,1992-10-02,1993-12-17,9700006,,,박상천
012123,140023,농수산물유통및가격안정에관한법률중개정법률안,농림수산위원회,1992-07-13,수정가결,14,http://likms.assembly.go.kr/bill/billDetail.do?billId=012123&ageFrom=14&ageTo=14,신재기의원 외 20인,http://likms.assembly.go.kr/bill/coactorListPopup.do?billId=012123,1993-05-17,1993-05-17,1993-05-17,수정가결,1993-05-17,1993-02-18,1992-10-02,1993-05-18,9700028,,수정가결,신재기
012126,140022,농수산물가공산업육성법안,농림수산위원회,1992-07-13,수정가결,14,http://likms.assembly.go.kr/bill/billDetail.do?billId=012126&ageFrom=14&ageTo=14,민태구의원 외 20인,http://likms.assembly.go.kr/bill/coactorListPopup.do?billId=012126,1993-05-17,1993-05-17,1993-05-13,수정가결,1993-05-13,1993-02-18,1992-10-02,1993-05-18,9700028,,수정가결,민태구
012125,140021,농어촌발전특별조치법중개정법률안,농림수산위원회,1992-07-13,수정가결,14,http://likms.assembly.go.kr/bill/billDetail.do?billId=012125&ageFrom=14&ageTo=14,이영문의원 외 20인,http://likms.assembly.go.kr/bill/coactorListPopup.do?billId=012125,1993-05-18,1993-05-17,1993-05-17,수정가결,1993-05-17,1993-02-18,1992-10-02,1993-05-18,9700028,,수정가결,이영문
012127,140020,국정감사및조사에관한법률중개정법률안,국회운영위원회,1992-07-13,임기만료폐기,14,http://likms.assembly.go.kr/bill/billDetail.do?billId=012127&ageFrom=14&ageTo=14,정시채의원등 2인 외 20인,http://likms.assembly.go.kr/bill/coactorListPopup.do?billId=012127,,,,,,,1992-10-02,1996-05-29,9700005,이긍규,,정시채
012124,140019,부동산소유권이전등기등에관한특별조치법안,법제사법위원회,1992-07-13,수정가결,14,http://likms.assembly.go.kr/bill/billDetail.do?billId=012124&ageFrom=14&ageTo=14,김윤환의원등 2인 외 20인,http://likms.assembly.go.kr/bill/coactorListPopup.do?billId=012124,,,,수정가결,1992-11-09,1992-11-03,1992-10-02,1992-11-10,9700006,권해옥,,김윤환
012128,140018,성폭력예방및규제등에관한법률안,법제사법위원회,1992-07-13,대안반영폐기,14,http://likms.assembly.go.kr/bill/billDetail.do?billId=012128&ageFrom=14&ageTo=14,강선영의원등 2인 외 20인,http://likms.assembly.go.kr/bill/coactorListPopup.do?billId=012128,,,,대안반영폐기,1993-12-16,1992-11-03,1992-10-02,1993-12-17,9700006,주양자,,강선영
